question,food form,parameter,value,unit,type,footnote
EFSA-Q-2021-00079,,Identity/IR,,,,
EFSA-Q-2021-00079,,Water,,,,
EFSA-Q-2021-00079,,Residual solvents,,,,
EFSA-Q-2021-00079,,Ethanol(Residual solvents),<=0.5,Percent,,
EFSA-Q-2021-00079,,Isopropanol(Residual solvents),<=0.5,Percent,,
EFSA-Q-2021-00079,,Identity retention time Sodium(Cations),,,,
EFSA-Q-2021-00079,,Assay Sodium(Cations),4.0 - 5.0,Percent,,
EFSA-Q-2021-00079,,Elemental impurities,,,,
EFSA-Q-2021-00079,,Boron(Minerals),,,,
EFSA-Q-2021-00079,,Platinum(Heavy metals),<=10,Milligram/kilogram,,"For foods intended for infants and young children, then ≤ 2 mg/kg."
EFSA-Q-2021-00079,,Arsenic (Heavy metals),,,,
EFSA-Q-2021-00079,,Cadmium (Heavy metals),,,,
EFSA-Q-2021-00079,,Lead (Heavy metals),,,,
EFSA-Q-2021-00079,,Mercury (Heavy metals),,,,
EFSA-Q-2021-00079,,Assay 5-MeTHFA-Na on dry basis,,,,
EFSA-Q-2021-00079,,Identity retention time Mefolinate,,,,
EFSA-Q-2021-00079,,Sum of folate related substances,,,,
EFSA-Q-2021-00079,,6R-Mefolinate,,,,
EFSA-Q-2021-00079,,Microbiological,,,,
EFSA-Q-2021-00079,,Total aerobic microbial count(Microbiological),,,,
EFSA-Q-2021-00079,,Total yeast and mould count(Microbiological),,,,
EFSA-Q-2021-00079,,Escherichia coli(Microbiological),,,,
EFSA-Q-2010-00127,,Phosphorus (Minerals),,,,
EFSA-Q-2010-00127,,Moisture,,,,
EFSA-Q-2010-00127,,Arsenic (Heavy metals),,,,
EFSA-Q-2010-00127,,Lead (Heavy metals),,,,
EFSA-Q-2010-00127,,Mercury (Heavy metals),,,,
EFSA-Q-2010-00127,,pH,,,,
EFSA-Q-2010-00127,,Sulphur dioxide,,,,
EFSA-Q-2010-00127,,Carbohydrates,,,,
EFSA-Q-2010-00127,,Starch,,,,
EFSA-Q-2010-00127,,Sugar,,,,
EFSA-Q-2010-00127,,Protein,,,,
EFSA-Q-2010-00127,,Fat,,,,
EFSA-Q-2010-00127,,Saturated Fat,,,,
EFSA-Q-2010-00127,,Cholesterol,,,,
EFSA-Q-2010-00127,,Energy,,,,
EFSA-Q-2010-00127,,Total dietary Fibre,,,,
EFSA-Q-2010-00127,,Total viable count(Microbiological),,,,
EFSA-Q-2010-00127,,Yeast (Microbiological),,,,
EFSA-Q-2010-00127,,Mould (Microbiological),,,,
EFSA-Q-2010-00127,,Escherichia coli(Microbiological),,,,
EFSA-Q-2010-00127,,Salmonella spp. (Microbiological),,,,
EFSA-Q-2018-00769,,Chromium (Minerals),18-23,Microgram/gram,,
EFSA-Q-2018-00769,,Chromium (Minerals),,,,
EFSA-Q-2018-00769,,Protein,,,,
EFSA-Q-2018-00769,,Dietary fibre,,,,
EFSA-Q-2018-00769,,Sugar,,,,
EFSA-Q-2018-00769,,Fat,,,,
EFSA-Q-2018-00769,,Ash,<=15,Percent,,
EFSA-Q-2018-00769,,Water,,,,
EFSA-Q-2018-00769,,Dry matter,>= 95,Percent,,
EFSA-Q-2018-00769,,Lead (Heavy metals),,,,
EFSA-Q-2018-00769,,Cadmium (Heavy metals),,,,
EFSA-Q-2018-00769,,Mercury (Heavy metals),,,,
EFSA-Q-2018-00769,,Total aerobic microbial count(Microbiological),,,,
EFSA-Q-2018-00769,,Total yeast and mould count(Microbiological),,,,
EFSA-Q-2018-00769,,Viable Yarrowia lipolytica (Microbiological),,,,
EFSA-Q-2018-00769,,Coliform bacteria (Microbiological),,,,
EFSA-Q-2018-00769,,Salmonella spp. (Microbiological),,,,
EFSA-Q-2008-697,,Identification (spectrometry: max in hexane),,,,
EFSA-Q-2008-697,,Total lycopene,,,,
EFSA-Q-2008-697,,Total lycopene,,,,
EFSA-Q-2008-697,,Trans-lycopene,,,,
EFSA-Q-2008-697,,Subsidiary colouring matters,,,,
EFSA-Q-2008-697,,Sulfated ash,,,,
EFSA-Q-2008-697,,Moisture,,,,
EFSA-Q-2008-697,,Imidazole,,,,
EFSA-Q-2008-697,,Isopropanol,,,,
EFSA-Q-2016-00518,,Phlorotannin,,,,
EFSA-Q-2016-00518,,Dieckol,,,,
EFSA-Q-2016-00518,,Antioxidant activity,,,,
EFSA-Q-2016-00518,,Moisture,,,,
EFSA-Q-2016-00518,,Ash,,,,
EFSA-Q-2016-00518,,Insoluble substances,,,,
EFSA-Q-2016-00518,,Viable cell count(Microbiological),,,,
EFSA-Q-2016-00518,,Staphylococcus aureus(Microbiological),,,,
EFSA-Q-2016-00518,,Yeast and mould (Microbiological),,,,
EFSA-Q-2016-00518,,Salmonella spp. (Microbiological),,,,
EFSA-Q-2016-00518,,Coliform bacteria (Microbiological),,,,
EFSA-Q-2018-00685,,Foreign matter,,,,
EFSA-Q-2018-00685,,Moisture,,,,
EFSA-Q-2018-00685,,Protein,,,,
EFSA-Q-2018-00685,,Fat,,,,
EFSA-Q-2018-00685,,Fibre,,,,
EFSA-Q-2018-00685,,Microbiological,,,,
EFSA-Q-2018-00685,,Total plate count(Microbiological),,,,
EFSA-Q-2018-00685,,Yeast (Microbiological),,,,
EFSA-Q-2018-00685,,Mould (Microbiological),,,,
EFSA-Q-2018-00685,,Staphylococcus aureus(Microbiological),,,,
EFSA-Q-2018-00685,,Coliform bacteria (Microbiological),,,,
EFSA-Q-2018-00685,,Enterobacteriaceae (Microbiological),,,,
EFSA-Q-2018-00685,,Bacillus cereus(Microbiological),,,,
EFSA-Q-2018-00685,,Escherichia coli(Microbiological),,,,
EFSA-Q-2018-00685,,Listeria monocytogenes (Microbiological),,,,
EFSA-Q-2018-00685,,Salmonella spp. (Microbiological),,,,
EFSA-Q-2018-00685,,Arsenic (Heavy metals),,,,
EFSA-Q-2018-00685,,Cadmium (Heavy metals),,,,
EFSA-Q-2018-00685,,Lead (Heavy metals),,,,
EFSA-Q-2018-00685,,Mercury (Heavy metals),,,,
EFSA-Q-2018-00685,,Total aflatoxins (Mycotoxins),,,,
EFSA-Q-2018-00685,,Ochratoxin A (Mycotoxins),,,,
EFSA-Q-2019-00748,,Aw / water activity,,,,
EFSA-Q-2019-00748,,Peroxide value,,,,
EFSA-Q-2019-00748,,p-anisidine value,,,,
EFSA-Q-2019-00748,,Moisture,,,,
EFSA-Q-2019-00748,,Ash,,,,
EFSA-Q-2019-00748,,Crude protein,,,,
EFSA-Q-2019-00748,,Carbohydrates,,,,
EFSA-Q-2019-00748,,Dietary fibre,,,,
EFSA-Q-2019-00748,,Chitin,,,,
EFSA-Q-2019-00748,,Fat,,,,
EFSA-Q-2019-00748,,Vitamin D3 (Vitamins),,,,
EFSA-Q-2019-00748,,Copper(Heavy metals),,,,
EFSA-Q-2019-00748,,Manganese(Minerals),,,,
EFSA-Q-2019-00748,,Lead (Heavy metals),,,,
EFSA-Q-2019-00748,,Cadmium (Heavy metals),,,,
EFSA-Q-2019-00748,,Mercury (Heavy metals),,,,
EFSA-Q-2019-00748,,Arsenic (Heavy metals),,,,
EFSA-Q-2019-00748,,Bacillus cereus(Microbiological),,,,
EFSA-Q-2019-00748,,Clostridium perfringens(Microbiological),,,,
EFSA-Q-2019-00748,,Escherichia coli - Beta-Glucuronidase positive (Microbiological),,,,
EFSA-Q-2019-00748,,Aerobic mesophilic bacteria(Microbiological),,,,
EFSA-Q-2019-00748,,Listeria monocytogenes (Microbiological),,,,
EFSA-Q-2019-00748,,Yeast and mould (Microbiological),,,,
EFSA-Q-2019-00748,,Enterobacteriaceae (Microbiological),,,,
EFSA-Q-2019-00748,,Coagulase positive Staphylococci(Microbiological),,,,
EFSA-Q-2019-00748,,Sulfite-reducing anaerobes (Microbiological),,,,
EFSA-Q-2019-00748,,Salmonella spp. (Microbiological),,,,
EFSA-Q-2019-00748,,Aflatoxin B1(Mycotoxins),,,,
EFSA-Q-2019-00748,,Aflatoxin B2(Mycotoxins),,,,
EFSA-Q-2019-00748,,Aflatoxin G1(Mycotoxins),,,,
EFSA-Q-2019-00748,,Aflatoxin G2(Mycotoxins),,,,
EFSA-Q-2019-00748,,"Aflatoxins - Sum of B1, B2, G1, G2 (Mycotoxins)",,,,
EFSA-Q-2019-00748,,"Fumonisins - sum of B1, B2(Mycotoxins)",,,,
EFSA-Q-2019-00748,,Ochratoxin A (Mycotoxins),,,,
EFSA-Q-2019-00748,,Deoxynivalenol (Mycotoxins),,,,
EFSA-Q-2019-00748,,Zearalenone(Mycotoxins),,,,
EFSA-Q-2016-00287,,Betaine,,,,
EFSA-Q-2016-00287,,Moisture,,,,
EFSA-Q-2016-00287,,Ash,,,,
EFSA-Q-2016-00287,,Chloride (Minerals),,,,
EFSA-Q-2016-00287,,Sulfate,,,,
EFSA-Q-2016-00287,,pH,,,,
EFSA-Q-2016-00287,,Ethanol,,,,
EFSA-Q-2016-00287,,Residual protein,,,,
EFSA-Q-2016-00287,,Arsenic (Heavy metals),,,,
EFSA-Q-2016-00287,,Lead (Heavy metals),,,,
EFSA-Q-2016-00287,,Iron(Heavy metals),,,,
EFSA-Q-2016-00287,,Cadmium (Heavy metals),,,,
EFSA-Q-2016-00287,,Selenium(Heavy metals),,,,
EFSA-Q-2016-00287,,Mercury (Heavy metals),,,,
EFSA-Q-2016-00287,,Microbiological,,,,
EFSA-Q-2016-00287,,Total viable count(Microbiological),,,,
EFSA-Q-2016-00287,,Yeast (Microbiological),,,,
EFSA-Q-2016-00287,,Mould (Microbiological),,,,
EFSA-Q-2016-00287,,Coliform bacteria (Microbiological),,,,
EFSA-Q-2016-00287,,Salmonella spp. (Microbiological),,,,
EFSA-Q-2019-00695,,Moisture,,,,
EFSA-Q-2019-00695,,Protein,,,,
EFSA-Q-2019-00695,,Ash,,,,
EFSA-Q-2019-00695,,Fat,,,,
EFSA-Q-2019-00695,,Total fibre,,,,
EFSA-Q-2019-00695,,Beta-carotene,,,,
EFSA-Q-2019-00695,,Phylloquinone(Vitamins),,,,
EFSA-Q-2019-00695,,Folic acid(Vitamins),,,,
EFSA-Q-2019-00695,,Copper(Heavy metals),,,,
EFSA-Q-2019-00695,,Zinc(Minerals),,,,
EFSA-Q-2019-00695,,Iron(Heavy metals),,,,
EFSA-Q-2019-00695,,Manganese(Minerals),,,,
EFSA-Q-2019-00695,,Molybdenum (Heavy metals),,,,
EFSA-Q-2019-00695,,Boron(Minerals),,,,
EFSA-Q-2019-00695,,Oxalic acid(Antinutritional factors),,,,
EFSA-Q-2019-00759,,Moisture,,,,
EFSA-Q-2019-00759,,Total triterpenoids,,,,
EFSA-Q-2019-00759,,Antroquinonol,,,,
EFSA-Q-2019-00759,,Carbohydrates,,,,
EFSA-Q-2019-00759,,Protein,,,,
EFSA-Q-2019-00759,,Ash,,,,
EFSA-Q-2019-00759,,Fat,,,,
EFSA-Q-2019-00759,,Total aerobic microbial count(Microbiological),,,,
EFSA-Q-2019-00759,,Total yeast and mould count(Microbiological),,,,
EFSA-Q-2019-00759,,Escherichia coli(Microbiological),,,,
EFSA-Q-2019-00759,,Salmonella spp. (Microbiological),,,,
EFSA-Q-2015-00294,,Nattokinase activity,,,,
EFSA-Q-2015-00294,,Identity,,,,
EFSA-Q-2015-00294,,Moisture,,,,
EFSA-Q-2015-00294,,Vitamin K2(Vitamins),,,,
EFSA-Q-2015-00294,,Heavy metals,,,,
EFSA-Q-2015-00294,,Lead (Heavy metals),,,,
EFSA-Q-2015-00294,,Arsenic (Heavy metals),,,,
EFSA-Q-2015-00294,,Total viable aerobic count(Microbiological),,,,
EFSA-Q-2015-00294,,Yeast and mould (Microbiological),,,,
EFSA-Q-2015-00294,,Coliform bacteria (Microbiological),,,,
EFSA-Q-2015-00294,,Spore-forming bacteria (Microbiological),,,,
EFSA-Q-2015-00294,,Escherichia coli(Microbiological),,,,
EFSA-Q-2015-00294,,Salmonella sp. (Microbiological),,,,
EFSA-Q-2015-00294,,Listeria spp.(Microbiological),,,,
EFSA-Q-2019-00213,,Moisture,,,,
EFSA-Q-2019-00213,,Protein,,,,
EFSA-Q-2019-00213,,Lipids,,,,
EFSA-Q-2019-00213,,Ash,,,,
EFSA-Q-2019-00213,,Water-soluble LMW fibre,,,,
EFSA-Q-2019-00213,,Water-soluble HMW fibre,,,,
EFSA-Q-2019-00213,,Water-insoluble HMW fibre,,,,
EFSA-Q-2019-00213,,Total fibre,,,,
EFSA-Q-2019-00213,,Sugar,,,,
EFSA-Q-2019-00213,,Lignin,,,,
EFSA-Q-2019-00213,,Acid detergent fibre,,,,
EFSA-Q-2019-00213,,Gluten,,,,
EFSA-Q-2019-00213,,Total glucosinolates,,,,
EFSA-Q-2019-00213,,Phytate(Antinutritional factors),,,,
EFSA-Q-2019-00213,,Proanthocyanidins,,,,
EFSA-Q-2019-00213,,Lead (Heavy metals),,,,
EFSA-Q-2019-00213,,Arsenic (Heavy metals),,,,
EFSA-Q-2019-00213,,Cadmium (Heavy metals),,,,
EFSA-Q-2019-00213,,Mercury (Heavy metals),,,,
EFSA-Q-2019-00213,,Aluminium(Heavy metals),,,,
EFSA-Q-2019-00213,,Peroxide value,,,,
EFSA-Q-2019-00213,,weight,,,,
EFSA-Q-2019-00169,,Human identical milk saccharides - HiMS,,,,
EFSA-Q-2019-00169,,6'-Sialyllactose sodium salt,,,,
EFSA-Q-2019-00169,,D-Lactose,,,,
EFSA-Q-2019-00169,,Sialic acid,,,,
EFSA-Q-2019-00169,,6'-sialyl-lactulose,,,,
EFSA-Q-2019-00169,,Other carbohydrates,,,,
EFSA-Q-2019-00169,,pH,,,,
EFSA-Q-2019-00169,,Water,,,,
EFSA-Q-2019-00700,,Moisture,,,,
EFSA-Q-2019-00700,,Protein,,,,
EFSA-Q-2019-00700,,Carbohydrates,,,,
EFSA-Q-2019-00700,,Sucrose,,,,
EFSA-Q-2019-00700,,Fat,,,,
EFSA-Q-2019-00700,,Polyunsaturated fat,,,,
EFSA-Q-2019-00700,,Saturated Fat,,,,
EFSA-Q-2019-00700,,Cholesterol,,,,
EFSA-Q-2019-00700,,Omega 3,,,,
EFSA-Q-2019-00700,,Omega 6,,,,
EFSA-Q-2019-00700,,Omega 9,,,,
EFSA-Q-2019-00700,,Crude fibre,,,,
EFSA-Q-2019-00700,,Dietary fibre,,,,
EFSA-Q-2019-00700,,Ash,,,,
EFSA-Q-2019-00700,,Energy,,,,
EFSA-Q-2019-00700,,Peroxide value,,,,
EFSA-Q-2019-00700,,Acid value,,,,
EFSA-Q-2019-00700,,Vitamin E(Vitamins),,,,
EFSA-Q-2019-00700,,Sodium (Minerals),,,,
EFSA-Q-2019-00700,,Mould (Microbiological),,,,
EFSA-Q-2019-00700,,Yeast (Microbiological),,,,
EFSA-Q-2019-00700,,Escherichia coli(Microbiological),,,,
EFSA-Q-2019-00700,,Total coliform count (Microbiological),,,,
EFSA-Q-2019-00700,,Salmonella sp. (Microbiological),,,,
EFSA-Q-2015-00249,,Moisture,,,,
EFSA-Q-2015-00249,,Cinnamic acid,,,,
EFSA-Q-2015-00249,,Shanzhiside methyl ester,,,,
EFSA-Q-2015-00249,,Nodakenin,,,,
EFSA-Q-2015-00249,,Methoxsalen,,,,
EFSA-Q-2015-00249,,Phenols,,,,
EFSA-Q-2015-00249,,Coumarins,,,,
EFSA-Q-2015-00249,,Iridoids,,,,
EFSA-Q-2015-00249,,Saponins,,,,
EFSA-Q-2015-00249,,Carbohydrates,,,,
EFSA-Q-2015-00249,,Protein,,,,
EFSA-Q-2015-00249,,Fat,,,,
EFSA-Q-2015-00249,,Microbiological,,,,
EFSA-Q-2015-00249,,Total viable plate count(Microbiological),,,,
EFSA-Q-2015-00249,,Total yeast and mould (Microbiological),,,,
EFSA-Q-2015-00249,,Coliform bacteria (Microbiological),,,,
EFSA-Q-2015-00249,,Salmonella spp. (Microbiological),,,,
EFSA-Q-2015-00249,,Escherichia coli(Microbiological),,,,
EFSA-Q-2015-00249,,Staphylococcus aureus(Microbiological),,,,
EFSA-Q-2015-00249,,Lead (Heavy metals),,,,
EFSA-Q-2015-00249,,Arsenic (Heavy metals),,,,
EFSA-Q-2015-00249,,Mercury (Heavy metals),,,,
EFSA-Q-2015-00249,,Cadmium (Heavy metals),,,,
EFSA-Q-2018-00374,,Identification (2'-FL/DFL mixture),,,,
EFSA-Q-2018-00374,,"Sum of 2'-FL, DFL, lactose and fucose",>=92.0,Percent,,
EFSA-Q-2018-00374,,Sum of 2'-FL and DFL,>= 85.0,Percent,,
EFSA-Q-2018-00374,,2'-O-fucosyllactose,>=75.0,Percent,,
EFSA-Q-2018-00374,,Difucosyllactose / DFL,>=5.0,Percent,,
EFSA-Q-2018-00374,,D-Lactose,<=10.0,Percent,,
EFSA-Q-2018-00374,,L-Fucose,<=1.0,Percent,,
EFSA-Q-2018-00374,,2'-Fucosyl-D-lactulose,<=2.0,Percent,,
EFSA-Q-2018-00374,,Other carbohydrates,<=6.0,Percent,,
EFSA-Q-2018-00374,,pH,,,,
EFSA-Q-2018-00374,,Water,<=6.0,Percent,,
EFSA-Q-2018-00374,,Sulphated ash,<=0.8,Percent,,
EFSA-Q-2018-00374,,Residual protein,<=0.01,Percent,,
EFSA-Q-2018-00374,,Aerobic mesophilic total plate count(Microbiological),,,,
EFSA-Q-2018-00374,,Enterobacteriaceae (Microbiological),,,,
EFSA-Q-2018-00374,,Salmonella spp. (Microbiological),,,,
EFSA-Q-2018-00374,,Yeast (Microbiological),,,,
EFSA-Q-2018-00374,,Mould (Microbiological),,,,
EFSA-Q-2018-00374,,Residual endotoxins (Microbiological),,,,
EFSA-Q-2018-00796,,Selenium(Heavy metals),,,,
EFSA-Q-2018-00796,,Selenomethionine,,,,
EFSA-Q-2018-00796,,Protein,,,,
EFSA-Q-2018-00796,,Dietary fibre,,,,
EFSA-Q-2018-00796,,Sugar,,,,
EFSA-Q-2018-00796,,Fat,,,,
EFSA-Q-2018-00796,,Ash,,,,
EFSA-Q-2018-00796,,Water,,,,
EFSA-Q-2018-00796,,Dry matter,,,,
EFSA-Q-2018-00796,,Lead (Heavy metals),,,,
EFSA-Q-2018-00796,,Cadmium (Heavy metals),,,,
EFSA-Q-2018-00796,,Mercury (Heavy metals),,,,
EFSA-Q-2018-00796,,Total aerobic microbial count(Microbiological),,,,
EFSA-Q-2018-00796,,Total yeast and mould count(Microbiological),,,,
EFSA-Q-2018-00796,,Viable Yarrowia lipolytica (Microbiological),,,,
EFSA-Q-2018-00796,,Coliform bacteria (Microbiological),,,,
EFSA-Q-2018-00796,,Salmonella spp. (Microbiological),,,,
EFSA-Q-2008-306,,Glucosamine hydrochloride,,,,
EFSA-Q-2008-306,,Moisture,,,,
EFSA-Q-2008-306,,Specific rotation,,,,
EFSA-Q-2008-306,,pH,,,,
EFSA-Q-2008-306,,Arsenic (Heavy metals),,,,
EFSA-Q-2008-306,,Heavy metals,,,,
EFSA-Q-2019-00448,,Lacto-N-neotetraose - LnnT,,,,
EFSA-Q-2019-00448,,D-Lactose,,,,
EFSA-Q-2019-00448,,Lacto-N-triose II,,,,
EFSA-Q-2019-00448,,Para-lacto-N-neohexaose,,,,
EFSA-Q-2019-00448,,,,,,
EFSA-Q-2019-00448,,pH,,,,
EFSA-Q-2019-00448,,Water,,,,
EFSA-Q-2019-00448,,Ash,,,,
EFSA-Q-2019-00448,,,,,,
EFSA-Q-2019-00448,,Aerobic mesophilic bacteria total count(Microbiological),,,,
EFSA-Q-2019-00448,,Yeast and mould (Microbiological),,,,
EFSA-Q-2019-00448,,Residual endotoxins (Microbiological),,,,
EFSA-Q-2015-00749,,Moisture,,,,
EFSA-Q-2015-00749,,pH,,,,
EFSA-Q-2015-00749,,Hydroxytyrosol,,,,
EFSA-Q-2015-00749,,Hydroxytyrosol acetate,,,,
EFSA-Q-2015-00749,,Acetic acid(Reaction by-products),,,,
EFSA-Q-2015-00749,,Lead (Heavy metals),,,,
EFSA-Q-2015-00749,,Cadmium (Heavy metals),,,,
EFSA-Q-2015-00749,,Mercury (Heavy metals),,,,
EFSA-Q-2015-00749,,Total inorganics,,,,
EFSA-Q-2015-00749,,Ethyl acetate (Residual solvents),,,,
EFSA-Q-2015-00749,,Isopropanol(Residual solvents),,,,
EFSA-Q-2015-00749,,Methanol(Residual solvents),,,,
EFSA-Q-2015-00749,,Tetrahydrofuran(Residual solvents),,,,
EFSA-Q-2018-00373,,Foreign matter,,,,
EFSA-Q-2018-00373,,Moisture,,,,
EFSA-Q-2018-00373,,Protein,,,,
EFSA-Q-2018-00373,,Fat,,,,
EFSA-Q-2018-00373,,Fibre,,,,
EFSA-Q-2018-00373,,Microbiological,,,,
EFSA-Q-2018-00373,,Total plate count(Microbiological),,,,
EFSA-Q-2018-00373,,Yeast (Microbiological),,,,
EFSA-Q-2018-00373,,Mould (Microbiological),,,,
EFSA-Q-2018-00373,,Staphylococcus aureus(Microbiological),,,,
EFSA-Q-2018-00373,,Coliform bacteria (Microbiological),,,,
EFSA-Q-2018-00373,,Enterobacteriaceae (Microbiological),,,,
EFSA-Q-2018-00373,,Bacillus cereus(Microbiological),,,,
EFSA-Q-2018-00373,,Escherichia coli(Microbiological),,,,
EFSA-Q-2018-00373,,Listeria monocytogenes (Microbiological),,,,
EFSA-Q-2018-00373,,Salmonella spp. (Microbiological),,,,
EFSA-Q-2018-00373,,Arsenic (Heavy metals),,,,
EFSA-Q-2018-00373,,Cadmium (Heavy metals),,,,
EFSA-Q-2018-00373,,Lead (Heavy metals),,,,
EFSA-Q-2018-00373,,Mercury (Heavy metals),,,,
EFSA-Q-2018-00373,,Total aflatoxins (Mycotoxins),,,,
EFSA-Q-2018-00373,,Ochratoxin A (Mycotoxins),,,,
EFSA-Q-2019-00033,,Dry matter,,,,
EFSA-Q-2019-00033,,Protein,,,,
EFSA-Q-2019-00033,,Fat,,,,
EFSA-Q-2019-00033,,Carbohydrates,,,,
EFSA-Q-2019-00033,,Dietary fibre,,,,
EFSA-Q-2019-00033,,Ash,,,,
EFSA-Q-2019-00033,,Water,,,,
EFSA-Q-2019-00033,,Glucosinolates,,,,
EFSA-Q-2019-00033,,Cadmium (Heavy metals),,,,
EFSA-Q-2019-00033,,Lead (Heavy metals),,,,
EFSA-Q-2019-00033,,,,,,
EFSA-Q-2019-00033,,Rumex,,,,
EFSA-Q-2019-00033,,Sclerotinia sclerotiorum,,,,
EFSA-Q-2019-00033,,Aflatoxin B1(Mycotoxins),,,,
EFSA-Q-2019-00033,,Total aerobic plate count(Microbiological),,,,
EFSA-Q-2019-00033,,Yeast and mould (Microbiological),,,,
EFSA-Q-2019-00033,,Coliform bacteria (Microbiological),,,,
EFSA-Q-2019-00033,,Escherichia coli(Microbiological),,,,
EFSA-Q-2019-00033,,Salmonella spp. (Microbiological),,,,
EFSA-Q-2019-00033,,Bacillus cereus(Microbiological),,,,
EFSA-Q-2019-00091,,Peroxide value,,,,
EFSA-Q-2019-00091,,Fucoxanthin,,,,
EFSA-Q-2019-00091,,Fat,,,,
EFSA-Q-2019-00091,,Protein,,,,
EFSA-Q-2019-00091,,Ash,,,,
EFSA-Q-2019-00091,,Moisture,,,,
EFSA-Q-2019-00091,,Aerobic colony count at 30°C(Microbiological),,,,
EFSA-Q-2019-00091,,Yeast and mould (Microbiological),,,,
EFSA-Q-2019-00091,,Salmonella spp. (Microbiological),,,,
EFSA-Q-2019-00091,,Coagulase positive Staphylococci(Microbiological),,,,
EFSA-Q-2019-00091,,Escherichia coli(Microbiological),,,,
EFSA-Q-2019-00091,,Enterobacteriaceae (Microbiological),,,,
EFSA-Q-2019-00091,,Ethanol(Residual solvents),,,,
EFSA-Q-2018-00596,,"Identity of Trichuris species, embryonated",,,,
EFSA-Q-2018-00596,,"Identity of Trichuris suis species, embryonated",,,,
EFSA-Q-2018-00596,,Potassium sorbate,,,,
EFSA-Q-2018-00596,,TSO inactive,,,,
EFSA-Q-2018-00596,,Assay TSO total (species identity),,,,
EFSA-Q-2018-00596,,Total aerobic microbial count(Microbiological),,,,
EFSA-Q-2018-00596,,Total yeast and mould count(Microbiological),,,,
EFSA-Q-2018-00596,,Escherichia coli(Microbiological),,,,
EFSA-Q-2018-00596,,Enterobacteria and certain other Gram-negative bacteria(Microbiological),,,,
EFSA-Q-2018-00596,,Salmonella spp. (Microbiological),,,,
EFSA-Q-2018-00596,,Staphylococcus aureus(Microbiological),,,,
EFSA-Q-2010-00952,,Carbohydrates,,,,
EFSA-Q-2010-00952,,"Beta-glucans - 1,3/1,6",,,,
EFSA-Q-2006-186,,,,,,
EFSA-Q-2006-186,,Lycopene identity,,,,
EFSA-Q-2006-186,,,,,,
EFSA-Q-2006-186,,Trans-lycopene,,,,
EFSA-Q-2006-186,,Total carotenoids,,,,
EFSA-Q-2006-186,,Other carotenoids,,,,
EFSA-Q-2006-186,,Total tocopherols,,,,
EFSA-Q-2006-186,,Unsaponifiable matter,,,,
EFSA-Q-2006-186,,Total fatty acids,,,,
EFSA-Q-2006-186,,Phytosterols,,,,
EFSA-Q-2006-186,,Water,,,,
EFSA-Q-2006-186,,Sulfated ash,,,,
EFSA-Q-2006-186,,"Ethyl acetate, ethanol (Residual solvents)",,,,
EFSA-Q-2006-186,,Pesticide residues(Pesticides),,,,
EFSA-Q-2006-186,,Lead (Heavy metals),,,,
EFSA-Q-2006-186,,Cadmium(Heavy metals),,,,
EFSA-Q-2006-186,,Molybdenum (Heavy metals),,,,
EFSA-Q-2006-186,,Nickel (Heavy metals),,,,
EFSA-Q-2006-186,,Heavy metals,,,,
EFSA-Q-2006-186,,Arsenic (Heavy metals),,,,
EFSA-Q-2006-186,,Total viable count(Microbiological),,,,
EFSA-Q-2006-186,,Mould (Microbiological),,,,
EFSA-Q-2006-186,,Yeast (Microbiological),,,,
EFSA-Q-2006-186,,Escherichia coli(Microbiological),,,,
EFSA-Q-2006-186,,Salmonella sp. (Microbiological),,,,
EFSA-Q-2006-186,,Staphylococcus aureus(Microbiological),,,,
EFSA-Q-2006-186,,Pseudomonas (Microbiological),,,,
EFSA-Q-2006-186,,Pseudomonas aeruginosa (Microbiological),,,,
EFSA-Q-2006-186,,Clostridium (Microbiological),,,,
EFSA-Q-2006-186,,Clostridium perfringens(Microbiological),,,,
EFSA-Q-2019-00694,,Ash,,,,
EFSA-Q-2019-00694,,Acid-insoluble ash,,,,
EFSA-Q-2019-00694,,Moisture,,,,
EFSA-Q-2019-00694,,Ethanol,,,,
EFSA-Q-2019-00694,,Gallic acid,,,,
EFSA-Q-2019-00694,,Carbohydrates,,,,
EFSA-Q-2019-00694,,Protein,,,,
EFSA-Q-2019-00694,,Fat,,,,
EFSA-Q-2019-00694,,Ardisiacripsin A (saponins),,,,
EFSA-Q-2019-00694,,Aerobic plate count(Microbiological),,,,
EFSA-Q-2019-00694,,Yeast and mould (Microbiological),,,,
EFSA-Q-2019-00694,,Escherichia coli(Microbiological),,,,
EFSA-Q-2019-00395,,Ash,,,,
EFSA-Q-2019-00395,,Moisture,,,,
EFSA-Q-2018-00278,,Water,,,,
EFSA-Q-2018-00278,,pH,,,,
EFSA-Q-2018-00278,,Mycobacterium setense manrensensis(Microbiological),,,,
EFSA-Q-2020-00806,,Degree of hydrolysis,,,,
EFSA-Q-2020-00806,,Protein,,,,
EFSA-Q-2020-00806,,Moisture,,,,
EFSA-Q-2020-00806,,Carbohydrates,,,,
EFSA-Q-2020-00806,,Fat,,,,
EFSA-Q-2020-00806,,Ash,,,,
EFSA-Q-2020-00806,,Arsenic (Heavy metals),,,,
EFSA-Q-2020-00806,,Cadmium (Heavy metals),,,,
EFSA-Q-2020-00806,,Lead (Heavy metals),,,,
EFSA-Q-2020-00806,,Mercury (Heavy metals),,,,
EFSA-Q-2020-00806,,Aflatoxin B1(Mycotoxins),,,,
EFSA-Q-2020-00806,,"Aflatoxins - Sum of B1, B2, G1, G2 (Mycotoxins)",,,,
EFSA-Q-2020-00806,,Deoxynivalenol (Mycotoxins),,,,
EFSA-Q-2020-00806,,"Fumonisins - sum of B1, B2(Mycotoxins)",,,,
EFSA-Q-2020-00806,,Ochratoxin A (Mycotoxins),,,,
EFSA-Q-2020-00806,,Zearalenone(Mycotoxins),,,,
EFSA-Q-2020-00806,,Patulin(Mycotoxins),,,,
EFSA-Q-2020-00806,,Phytate(Antinutritional factors),,,,
EFSA-Q-2020-00806,,Total aerobic plate count(Microbiological),,,,
EFSA-Q-2020-00806,,Coliform bacteria (Microbiological),,,,
EFSA-Q-2020-00806,,Yeast and mould (Microbiological),,,,
EFSA-Q-2020-00806,,Salmonella spp. (Microbiological),,,,
EFSA-Q-2020-00806,,Escherichia coli(Microbiological),,,,
EFSA-Q-2020-00806,,Staphylococcus aureus(Microbiological),,,,
EFSA-Q-2020-00806,,Listeria monocytogenes (Microbiological),,,,
EFSA-Q-2020-00806,,Bacillus cereus(Microbiological),,,,
EFSA-Q-2018-00609,,Isomaltulose,,,,
EFSA-Q-2018-00609,,Trehalulose,,,,
EFSA-Q-2018-00609,,Glucose,,,,
EFSA-Q-2018-00609,,Fructose,,,,
EFSA-Q-2018-00609,,Sucrose,,,,
EFSA-Q-2018-00609,,Moisture,,,,
EFSA-Q-2018-00609,,Ash,,,,
EFSA-Q-2018-00609,,Protein,,,,
EFSA-Q-2018-00609,,Lead (Heavy metals),,,,
EFSA-Q-2018-00609,,Total aerobic microbial count(Microbiological),,,,
EFSA-Q-2018-00609,,Total yeast and mould count(Microbiological),,,,
EFSA-Q-2018-00609,,Escherichia coli(Microbiological),,,,
EFSA-Q-2018-00609,,Enterobacteriaceae (Microbiological),,,,
EFSA-Q-2018-00609,,Salmonella spp. (Microbiological),,,,
EFSA-Q-2016-00325,,Moisture,,,,
EFSA-Q-2016-00325,,Proanthocyanidins,,,,
EFSA-Q-2016-00325,,Total phenolics,,,,
EFSA-Q-2016-00325,,Ethanol,,,,
EFSA-Q-2016-00325,,Arsenic (Heavy metals),,,,
EFSA-Q-2016-00325,,Lead (Heavy metals),,,,
EFSA-Q-2016-00325,,Cadmium (Heavy metals),,,,
EFSA-Q-2016-00325,,Mercury (Heavy metals),,,,
EFSA-Q-2015-00469,,Moisture,,,,
EFSA-Q-2015-00469,,Identification,,,,
EFSA-Q-2015-00469,,Test A (absence of konjac glucomannan),,,,
EFSA-Q-2015-00469,,Test B (absence of sodium alginate),,,,
EFSA-Q-2015-00469,,Test C (absence of xanthan gum),,,,
EFSA-Q-2015-00469,,Test D (viscometric characterisation),,,,
EFSA-Q-2015-00469,,Lead (Heavy metals),,,,
EFSA-Q-2015-00469,,Mercury (Heavy metals),,,,
EFSA-Q-2015-00469,,Cadmium (Heavy metals),,,,
EFSA-Q-2015-00469,,Arsenic (Heavy metals),,,,
EFSA-Q-2015-00469,,Pesticide residues(Pesticides),,,,
EFSA-Q-2015-00469,,Ethanol(Residual solvents),,,,
EFSA-Q-2015-00469,,Microbiological,,,,
EFSA-Q-2015-00469,,Standard plate count(Microbiological),,,,
EFSA-Q-2015-00469,,Yeast and mould (Microbiological),,,,
EFSA-Q-2015-00469,,Escherichia coli(Microbiological),,,,
EFSA-Q-2015-00469,,Salmonella spp. (Microbiological),,,,
EFSA-Q-2015-00469,,Staphylococcus aureus(Microbiological),,,,
EFSA-Q-2015-00469,,Pseudomonas aeruginosa (Microbiological),,,,
EFSA-Q-2012-00613,,"Glucuronic acid, expressed as sodium hyaluronate",,,,
EFSA-Q-2012-00613,,Hyaluronic acid,,,,
EFSA-Q-2012-00613,,Chondroitin sulphate A,,,,
EFSA-Q-2012-00613,,Dermatan sulphate/Chondroitin sulphate B,,,,
EFSA-Q-2012-00613,,pH,,,,
EFSA-Q-2012-00613,,Chloride (Minerals),,,,
EFSA-Q-2012-00613,,Nitrogen,,,,
EFSA-Q-2012-00613,,Protein,,,,
EFSA-Q-2012-00613,,Moisture,,,,
EFSA-Q-2012-00613,,Heavy metals,,,,
EFSA-Q-2012-00613,,Mercury (Heavy metals),,,,
EFSA-Q-2012-00613,,Arsenic (Heavy metals),,,,
EFSA-Q-2020-00200,,Iron(Heavy metals),,,,
EFSA-Q-2020-00200,,Adipate,,,,
EFSA-Q-2020-00200,,Tartrate,,,,
EFSA-Q-2020-00200,,Water,,,,
EFSA-Q-2020-00200,,Sodium (Minerals),,,,
EFSA-Q-2020-00200,,Chloride (Minerals),,,,
EFSA-Q-2020-00200,,Soluble (Phase distribution),,,,
EFSA-Q-2022-00237,,Energy,,,,
EFSA-Q-2022-00237,,Fat,,,,
EFSA-Q-2022-00237,,Carbohydrates,,,,
EFSA-Q-2022-00237,,Sugars,,,,
EFSA-Q-2022-00237,,Fibre,,,,
EFSA-Q-2022-00237,,Protein,,,,
EFSA-Q-2022-00237,,Moisture,,,,
EFSA-Q-2022-00237,,Total plate count(Microbiological),,,,
EFSA-Q-2022-00237,,Yeast and mould (Microbiological),,,,
EFSA-Q-2022-00237,,Enterobacteriaceae (Microbiological),,,,
EFSA-Q-2022-00237,,Salmonella spp. (Microbiological),,,,
EFSA-Q-2022-00237,,Listeria monocytogenes (Microbiological),,,,
EFSA-Q-2022-00237,,Pesticide residues(Pesticides),,,,
EFSA-Q-2022-00237,,Selenium(Heavy metals),,,,
EFSA-Q-2022-00237,,Cadmium (Heavy metals),,,,
EFSA-Q-2022-00237,,Lead (Heavy metals),,,,
EFSA-Q-2022-00237,,Arsenic (Heavy metals),,,,
EFSA-Q-2022-00237,,Mercury (Heavy metals),,,,
EFSA-Q-2022-00237,,Tin(Heavy metals),,,,
EFSA-Q-2022-00237,,Aflatoxins (Mycotoxins),,,,
EFSA-Q-2022-00237,,Ochratoxin A (Mycotoxins),,,,
EFSA-Q-2022-00237,,Citrinin (Mycotoxins),,,,
EFSA-Q-2022-00237,,Microcystins(Cyanotoxins),,,,
EFSA-Q-2022-00237,,Acrylamide(Process contaminants),,,,
EFSA-Q-2022-00237,,The sum of PAH(Process contaminants),,,,
EFSA-Q-2022-00237,,Sum of dioxins and dioxins-like PCBs(Process contaminants),,,,
EFSA-Q-2022-00237,,3-MCPD(Process contaminants),,,,
EFSA-Q-2022-00237,,Glycidyl fatty acid esters (Process contaminants),,,,
EFSA-Q-2022-00237,,Sum of 3-MCPD and 3-MCPD fatty acid esters (Process contaminants),,,,
EFSA-Q-2016-00091,,Moisture,,,,
EFSA-Q-2016-00091,,Aw / water activity,,,,
EFSA-Q-2016-00091,,pH,,,,
EFSA-Q-2016-00091,,Protein,,,,
EFSA-Q-2016-00091,,Fat,,,,
EFSA-Q-2016-00091,,Carbohydrates,,,,
EFSA-Q-2016-00091,,Dietary fibre,,,,
EFSA-Q-2016-00091,,Total sugars,,,,
EFSA-Q-2016-00091,,Ash,,,,
EFSA-Q-2016-00091,,Hoodigosides,,,,
EFSA-Q-2016-00091,,P57 (Hoodigosides),,,,
EFSA-Q-2016-00091,,L (Hoodigosides),,,,
EFSA-Q-2016-00091,,O (Hoodigosides),,,,
EFSA-Q-2016-00091,,Total Hoodigosides,,,,
EFSA-Q-2016-00091,,Arsenic (Heavy metals),,,,
EFSA-Q-2016-00091,,Mercury (Heavy metals),,,,
EFSA-Q-2016-00091,,Cadmium (Heavy metals),,,,
EFSA-Q-2016-00091,,Lead (Heavy metals),,,,
EFSA-Q-2016-00091,,Microbiological,,,,
EFSA-Q-2016-00091,,Aerobic plate count(Microbiological),,,,
EFSA-Q-2016-00091,,Escherichia coli(Microbiological),,,,
EFSA-Q-2016-00091,,Staphylococcus aureus(Microbiological),,,,
EFSA-Q-2016-00091,,Total coliform count (Microbiological),,,,
EFSA-Q-2016-00091,,Yeast (Microbiological),,,,
EFSA-Q-2016-00091,,Mould (Microbiological),,,,
EFSA-Q-2016-00091,,Salmonella spp. (Microbiological),,,,
EFSA-Q-2016-00091,,Listeria monocytogenes (Microbiological),,,,
EFSA-Q-2020-00491,,Protein,,,,
EFSA-Q-2020-00491,,Dietary fibre,,,,
EFSA-Q-2020-00491,,Sugar,,,,
EFSA-Q-2020-00491,,Fat,,,,
EFSA-Q-2020-00491,,Ash,,,,
EFSA-Q-2020-00491,,Water,,,,
EFSA-Q-2020-00491,,Dry matter,,,,
EFSA-Q-2020-00491,,Total aerobic microbial count(Microbiological),,,,
EFSA-Q-2020-00491,,Total yeast and mould count(Microbiological),,,,
EFSA-Q-2020-00491,,Viable Yarrowia lipolytica (Microbiological),,,,
EFSA-Q-2020-00491,,Coliform bacteria (Microbiological),,,,
EFSA-Q-2020-00491,,Salmonella spp. (Microbiological),,,,
EFSA-Q-2007-078b,,Chloroform solution(Residual solvents),,,,
EFSA-Q-2007-078b,,All-trans zeaxanthin,,,,
EFSA-Q-2007-078b,,Cis-zeaxanthins,,,,
EFSA-Q-2007-078b,,Other carotenoids,,,,
EFSA-Q-2007-078b,,Triphenylphosphine oxide,,,,
EFSA-Q-2007-078b,,Lead (Heavy metals),,,,
EFSA-Q-2007-078b,,Heavy metals,,,,
EFSA-Q-2007-078b,,Moisture,,,,
EFSA-Q-2013-00335,,Vitamin D2 (Vitamins),,,,
EFSA-Q-2013-00335,,Coliform bacteria (Microbiological),,,,
EFSA-Q-2013-00335,,Escherichia coli(Microbiological),,,,
EFSA-Q-2013-00335,,Salmonella spp. (Microbiological),,,,
EFSA-Q-2016-00488,,Identification,,,,
EFSA-Q-2016-00488,,N-acetyl-d-neuraminic acid / NANA.2H2O,,,,
EFSA-Q-2016-00488,,pH,,,,
EFSA-Q-2016-00488,,Water,,,,
EFSA-Q-2016-00488,,Sulphated ash,,,,
EFSA-Q-2016-00488,,Acetic acid(Reaction by-products),,,,
EFSA-Q-2016-00488,,Isopropanol(Residual solvents),,,,
EFSA-Q-2016-00488,,Acetone(Residual solvents),,,,
EFSA-Q-2016-00488,,Ethyl acetate (Residual solvents),,,,
EFSA-Q-2016-00488,,Residual protein,,,,
EFSA-Q-2016-00488,,Iron(Heavy metals),,,,
EFSA-Q-2016-00488,,Lead (Heavy metals),,,,
EFSA-Q-2016-00488,,Salmonella spp. (Microbiological),,,,
EFSA-Q-2016-00488,,Aerobic mesophilic total plate count(Microbiological),,,,
EFSA-Q-2016-00488,,Enterobacteriaceae (Microbiological),,,,
EFSA-Q-2020-00263,,Zinc(Minerals),,,,
EFSA-Q-2020-00263,,Zinc(Minerals),,,,
EFSA-Q-2020-00263,,Water,,,,
EFSA-Q-2020-00263,,"Optical rotation [a] D (c 2, 3N HCl) (DM)",,,,
EFSA-Q-2020-00263,,Histidine,,,,
EFSA-Q-2020-00263,,Other impurities,,,,
EFSA-Q-2020-00263,,Total other impurities,,,,
EFSA-Q-2020-00263,,Microbiological,,,,
EFSA-Q-2020-00263,,Total aerobic microbial count(Microbiological),,,,
EFSA-Q-2020-00263,,Total yeast and mould count(Microbiological),,,,
EFSA-Q-2015-00052,,Identification,,,,
EFSA-Q-2015-00052,,2'-O-fucosyllactose,,,,
EFSA-Q-2015-00052,,D-Lactose,,,,
EFSA-Q-2015-00052,,L-Fucose,,,,
EFSA-Q-2013-00080,,Identity,,,,
EFSA-Q-2013-00080,,Identification,,,,
EFSA-Q-2013-00080,,pH,,,,
EFSA-Q-2013-00080,,Citicoline,,,,
EFSA-Q-2013-00080,,Moisture,,,,
EFSA-Q-2013-00080,,Ammonium,,,,
EFSA-Q-2013-00080,,Heavy metals,,,,
EFSA-Q-2013-00080,,Arsenic (Heavy metals),,,,
EFSA-Q-2013-00080,,Free Phosphoric Acids,,,,
EFSA-Q-2013-00080,,5-Cytidylic acid,,,,
EFSA-Q-2013-00080,,Microbiological,,,,
EFSA-Q-2013-00080,,Total plate count(Microbiological),,,,
EFSA-Q-2013-00080,,Yeast and mould (Microbiological),,,,
EFSA-Q-2013-00080,,Escherichia coli(Microbiological),,,,
EFSA-Q-2018-00557,,Total saponins,,,,
EFSA-Q-2018-00557,,Ginsenoside Rb1,,,,
EFSA-Q-2018-00557,,Astragaloside I,,,,
EFSA-Q-2018-00557,,Carbohydrates,,,,
EFSA-Q-2018-00557,,Protein,,,,
EFSA-Q-2018-00557,,Moisture,,,,
EFSA-Q-2018-00557,,Ash,,,,
EFSA-Q-2018-00557,,Arsenic (Heavy metals),,,,
EFSA-Q-2018-00557,,Total plate count(Microbiological),,,,
EFSA-Q-2018-00557,,Total yeast and mould count(Microbiological),,,,
EFSA-Q-2018-00557,,Enterobacteriaceae (Microbiological),,,,
EFSA-Q-2018-00557,,Escherichia coli(Microbiological),,,,
EFSA-Q-2018-00557,,Salmonella spp. (Microbiological),,,,
EFSA-Q-2020-00284,,Moisture,,,,
EFSA-Q-2020-00284,,Protein,,,,
EFSA-Q-2020-00284,,Ash,  <=6.0,Percent,,
EFSA-Q-2020-00284,,Fat,,,,
EFSA-Q-2020-00284,,Carbohydrates,,,,
EFSA-Q-2020-00284,,Aerobic plate count(Microbiological),<5000,Colony forming unit/gram,,
EFSA-Q-2020-00284,,Escherichia coli(Microbiological),,,,
EFSA-Q-2020-00284,,Coliform bacteria (Microbiological),,,,
EFSA-Q-2020-00284,,Yeast (Microbiological),,,,
EFSA-Q-2020-00284,,Mould (Microbiological),,,,
EFSA-Q-2020-00284,,Listeria monocytogenes (Microbiological),,,,
EFSA-Q-2020-00284,,Salmonella spp. (Microbiological),,,,
EFSA-Q-2019-00101,,Moisture,,,,
EFSA-Q-2019-00101,,Crude protein,,,,
EFSA-Q-2019-00101,,Fat,,,,
EFSA-Q-2019-00101,,Saturated fat,,,,
EFSA-Q-2019-00101,,Digestible carbohydrates,,,,
EFSA-Q-2019-00101,,Dietary fibre,,,,
EFSA-Q-2019-00101,,Chitin,,,,
EFSA-Q-2019-00101,,Peroxide value,,,,
EFSA-Q-2019-00101,,Lead (Heavy metals),,,,
EFSA-Q-2019-00101,,Cadmium (Heavy metals),,,,
EFSA-Q-2019-00101,,"Aflatoxins - Sum of B1, B2, G1, G2 (Mycotoxins)",,,,
EFSA-Q-2019-00101,,Deoxynivalenol (Mycotoxins),,,,
EFSA-Q-2019-00101,,Ochratoxin A (Mycotoxins),,,,
EFSA-Q-2019-00101,,,,,,
EFSA-Q-2019-00101,,Total aerobic colony count (Microbiological),,,,
EFSA-Q-2019-00101,,Enterobacteriaceae - presumptive (Microbiological),,,,
EFSA-Q-2019-00101,,Escherichia coli(Microbiological),,,,
EFSA-Q-2019-00101,,Listeria monocytogenes (Microbiological),,,,
EFSA-Q-2019-00101,,Salmonella spp. (Microbiological),,,,
EFSA-Q-2019-00101,,Bacillus cereus - presumptive (Microbiological),,,,
EFSA-Q-2019-00101,,Coagulase positive Staphylococci(Microbiological),,,,
EFSA-Q-2019-00101,,Sulfite-reducing anaerobes (Microbiological),,,,
EFSA-Q-2019-00101,,Yeast and mould (Microbiological),,,,
EFSA-Q-2009-00750,,Conjugated linoleic acid / CLA (Fatty Acids),,,,
EFSA-Q-2009-00750,,Monoglycerides,,,,
EFSA-Q-2009-00750,,Diglycerides,,,,
EFSA-Q-2009-00750,,Triglycerides,,,,
EFSA-Q-2009-00750,,"Conjugated linoleic acid / CLA, C18 :2 (Fatty Acids)",,,,
EFSA-Q-2009-00750,,"Conjugated linoleic acid / CLA, c9,t11 isomer (Fatty Acids)",,,,
EFSA-Q-2009-00750,,"Conjugated linoleic acid / CLA, t10,c12 isomer(Fatty Acids)",,,,
EFSA-Q-2009-00750,,"Sum of Conjugated linoleic acid/CLA t,t isomers (Fatty Acids)",,,,
EFSA-Q-2009-00750,,"Sum of Conjugated linoleic acid/CLA c,c isomers (Fatty Acids)",,,,
EFSA-Q-2009-00750,,"Conjugated linoleic acid / CLA, c11,t13 isomer (Fatty Acids)",,,,
EFSA-Q-2009-00750,,Oleic acid,,,,
EFSA-Q-2009-00750,,Palmitic acid,,,,
EFSA-Q-2009-00750,,Stearic acid - C18:0(Fatty Acids),,,,
EFSA-Q-2018-00995,,Wolffia (W)/Lemna (L) (Species identity),,,,
EFSA-Q-2018-00995,,Moisture,,,,
EFSA-Q-2018-00995,,Crude protein,,,,
EFSA-Q-2018-00995,,Fat,,,,
EFSA-Q-2018-00995,,Ash,,,,
EFSA-Q-2018-00995,,Carbohydrates,,,,
EFSA-Q-2018-00995,,Dietary fibre,,,,
EFSA-Q-2018-00995,,Soluble fibre,,,,
EFSA-Q-2018-00995,,Insoluble fibre,,,,
EFSA-Q-2018-00995,,Oxalic acid(Antinutritional factors),,,,
EFSA-Q-2018-00995,,Beta-carotene,,,,
EFSA-Q-2018-00995,,Boron(Minerals),,,,
EFSA-Q-2018-00995,,Copper(Heavy metals),,,,
EFSA-Q-2018-00995,,Iron(Heavy metals),,,,
EFSA-Q-2018-00995,,Manganese(Minerals),,,,
EFSA-Q-2018-00995,,Molybdenum (Heavy metals),,,,
EFSA-Q-2018-00995,,Zinc(Minerals),,,,
EFSA-Q-2018-00995,,Microcystins(Cyanotoxins),,,,
EFSA-Q-2018-00995,,Nitrate,,,,
EFSA-Q-2018-00995,,Cadmium (Heavy metals),,,,
EFSA-Q-2018-00995,,Lead (Heavy metals),,,,
EFSA-Q-2018-00995,,Mercury (Heavy metals),,,,
EFSA-Q-2018-00995,,Arsenic (Heavy metals),,,,
EFSA-Q-2018-00995,,Aerobic plate count(Microbiological),,,,
EFSA-Q-2018-00995,,Salmonella spp. (Microbiological),,,,
EFSA-Q-2018-00995,,Escherichia coli(Microbiological),,,,
EFSA-Q-2018-00995,,Listeria spp. (Microbiological),,,,
EFSA-Q-2018-00995,,Clostridium perfringens(Microbiological),,,,
EFSA-Q-2018-00995,,Coliform bacteria (Microbiological),,,,
EFSA-Q-2018-00995,,Yeast (Microbiological),,,,
EFSA-Q-2018-00995,,Mould (Microbiological),,,,
EFSA-Q-2016-00659,,Identity,,,,
EFSA-Q-2016-00659,,Moisture,,,,
EFSA-Q-2016-00659,,Ethanol(Residual solvents),,,,
EFSA-Q-2016-00659,,Lead (Heavy metals),,,,
EFSA-Q-2016-00659,,Arsenic (Heavy metals),,,,
EFSA-Q-2016-00659,,Total viable cell count(Microbiological),,,,
EFSA-Q-2016-00659,,Coliform bacteria (Microbiological),,,,
EFSA-Q-2016-00659,,Fungi(Microbiological),,,,
EFSA-Q-2016-00659,,Hyphomicrobium denitrificans(Microbiological),,,,
EFSA-Q-2018-00480,,Identification,,,,
EFSA-Q-2018-00480,,Nicotinamide riboside chloride,> 90,Percent,,
EFSA-Q-2018-00480,,Water,,,,
EFSA-Q-2018-00480,,Acetone(Residual solvents),<= 5000,Milligram/kilogram,,
EFSA-Q-2018-00480,,Methanol(Residual solvents),<= 1000,Milligram/kilogram,,
EFSA-Q-2018-00480,,Acetonitrile(Residual solvents),<=50,Milligram/kilogram,,
EFSA-Q-2018-00480,,Methyl tert-butyl ether(Residual solvents),<= 500,Milligram/kilogram,,
EFSA-Q-2018-00480,,Methyl acetate(Reaction by-products),<=1000,Milligram/kilogram,,
EFSA-Q-2018-00480,,Acetamide(Reaction by-products),<=27,Milligram/kilogram,,
EFSA-Q-2018-00480,,Acetic acid(Reaction by-products),<=5000,Milligram/kilogram,,
EFSA-Q-2020-00488,,Moisture,,,,
EFSA-Q-2020-00488,,Ash,11.8-20.8,Per 100 gram,,
EFSA-Q-2020-00488,,Protein,,,,
EFSA-Q-2020-00488,,Fat,,,,
EFSA-Q-2020-00488,,Carbohydrates,,,,
EFSA-Q-2020-00488,,Non-digestible carbohydrates,17.1-25.2,Per 100 gram,,
EFSA-Q-2020-00488,,Total sugars,17.1-32.6,Per 100 gram,,
EFSA-Q-2020-00488,,Fructose,10.8-20.2,Per 100 gram,,
EFSA-Q-2020-00488,,Glucose,3.8-7.0,Per 100 gram,,
EFSA-Q-2020-00488,,Total phenols,0.15-0.29,Per 100 gram,,
EFSA-Q-2020-00488,,Malic acid,0.41-1.19,Per 100 gram,,
EFSA-Q-2020-00488,,Succinic acid,0.14-0.26,Per 100 gram,,
EFSA-Q-2020-00488,,Pesticide residues(Pesticides),,,other,
EFSA-Q-2017-00665,,Moisture,,,,
EFSA-Q-2017-00665,,Dry material,,,,
EFSA-Q-2017-00665,,Protein,,,,
EFSA-Q-2017-00665,,Ash,,,,
EFSA-Q-2017-00665,,pH,,,,
EFSA-Q-2017-00665,,Carbohydrates,,,,
EFSA-Q-2017-00665,,xylo‐oligosaccharides - XOS,,,,
EFSA-Q-2018-00223,,Protein,,,,
EFSA-Q-2018-00223,,Dietary fibre,,,,
EFSA-Q-2018-00223,,Sacharides,,,,
EFSA-Q-2018-00223,,Fat,,,,
EFSA-Q-2018-00223,,Ash,,,,
EFSA-Q-2018-00223,,Water,,,,
EFSA-Q-2018-00223,,Dry matter,,,,
EFSA-Q-2020-00655,,Protein,,,,
EFSA-Q-2020-00655,,Dietary fibre,,,,
EFSA-Q-2020-00655,,Sugar,,,,
EFSA-Q-2020-00655,,Fat,,,,
EFSA-Q-2020-00655,,Ash,,,,
EFSA-Q-2020-00655,,Water,,,,
EFSA-Q-2020-00655,,Dry matter,,,,
EFSA-Q-2020-00655,,Microbiological,,,,
EFSA-Q-2020-00655,,Total aerobic microbial count(Microbiological),,,,
EFSA-Q-2020-00655,,Total yeast and mould count(Microbiological),,,,
EFSA-Q-2020-00655,,Viable Yarrowia lipolytica (Microbiological),,,,
EFSA-Q-2020-00655,,Coliform bacteria (Microbiological),,,,
EFSA-Q-2020-00655,,Salmonella spp. (Microbiological),,,,
EFSA-Q-2019-00121,,Moisture,,,,
EFSA-Q-2019-00121,,Crude protein,,,,
EFSA-Q-2019-00121,,Fat,,,,
EFSA-Q-2019-00121,,Saturated Fat,,,,
EFSA-Q-2019-00121,,Digestible carbohydrates,,,,
EFSA-Q-2019-00121,,Peroxide value,,,,
EFSA-Q-2019-00121,,Dietary fibre,,,,
EFSA-Q-2019-00121,,Chitin,,,,
EFSA-Q-2019-00121,,Lead (Heavy metals),,,,
EFSA-Q-2019-00121,,Cadmium (Heavy metals),,,,
EFSA-Q-2019-00121,,"Aflatoxins - Sum of B1, B2, G1, G2 (Mycotoxins)",,,,
EFSA-Q-2019-00121,,Deoxynivalenol (Mycotoxins),,,,
EFSA-Q-2019-00121,,Ochratoxin A (Mycotoxins),,,,
EFSA-Q-2019-00121,,Sum of dioxins and dioxins-like PCBs(Process contaminants),,,,
EFSA-Q-2019-00121,,Total aerobic colony count (Microbiological),,,,
EFSA-Q-2019-00121,,Enterobacteriaceae - presumptive (Microbiological),,,,
EFSA-Q-2019-00121,,Escherichia coli(Microbiological),,,,
EFSA-Q-2019-00121,,Listeria monocytogenes (Microbiological),,,,
EFSA-Q-2019-00121,,Salmonella spp. (Microbiological),,,,
EFSA-Q-2019-00121,,Bacillus cereus - presumptive (Microbiological),,,,
EFSA-Q-2019-00121,,Coagulase positive Staphylococci(Microbiological),,,,
EFSA-Q-2019-00121,,Sulfite-reducing anaerobes (Microbiological),,,,
EFSA-Q-2019-00121,,Yeast and mould (Microbiological),,,,
EFSA-Q-2018-00542,,Moisture,,,,
EFSA-Q-2018-00542,,Fat,,,,
EFSA-Q-2018-00542,,Protein,,,,
EFSA-Q-2018-00542,,Carbohydrates,,,,
EFSA-Q-2018-00542,,Total fibre,6-10,Percent,,
EFSA-Q-2018-00542,,Ash,3-5,Percent,,
EFSA-Q-2018-00542,,Phorbol esters (PEs) (Contaminants),<=0.75,,,
EFSA-Q-2018-00542,,Lead (Heavy metals),,,,
EFSA-Q-2018-00542,,Cadmium (Heavy metals),,,,
EFSA-Q-2018-00542,,"Aflatoxins - Sum of B1, B2, G1, G2 (Mycotoxins)",,,,
EFSA-Q-2018-00542,,Total aerobic microbial count(Microbiological),,,,
EFSA-Q-2018-00542,,Total yeast and mould count(Microbiological),,,,
EFSA-Q-2018-00542,,Enterobacteriaceae (Microbiological),,,,
EFSA-Q-2018-00542,,Salmonella spp. (Microbiological),,,,
EFSA-Q-2018-00542,,Listeria monocytogenes (Microbiological),<=100,Colony forming unit/gram,,
EFSA-Q-2018-00542,,Pesticide residues(Pesticides),,,other,
EFSA-Q-2018-00542,,Acrylamide(Process contaminants),,,other,
EFSA-Q-2018-00542,,Furan,,,other,
EFSA-Q-2018-00542,,Chloropropanols,,,other,
EFSA-Q-2018-00542,,Glycidyl fatty acid esters (Process contaminants),,,other,
EFSA-Q-2017-00461,,Specific rotation [a] D 25,,,,
EFSA-Q-2017-00461,,D-ribose purity,,,,
EFSA-Q-2017-00461,,Ash,<0.2,Percent,,
EFSA-Q-2017-00461,,Moisture,,,,
EFSA-Q-2017-00461,,Lead (Heavy metals),,,,
EFSA-Q-2017-00461,,Arsenic (Heavy metals),,,,
EFSA-Q-2017-00461,,Cadmium (Heavy metals),,,,
EFSA-Q-2017-00461,,Mercury (Heavy metals),,,,
EFSA-Q-2017-00679,,Total dry matter,,,,
EFSA-Q-2017-00679,,Peptides,,,,
EFSA-Q-2017-00679,,Peptides with molecular weight < 2 kDa,,,,
EFSA-Q-2017-00679,,Fat,,,,
EFSA-Q-2017-00679,,Carbohydrates,,,,
EFSA-Q-2017-00679,,Ash,,,,
EFSA-Q-2017-00679,,Calcium (Minerals),,,,
EFSA-Q-2017-00679,,Potassium (Minerals),,,,
EFSA-Q-2017-00679,,Sodium (Minerals),,,,
EFSA-Q-2017-00679,,Inorganic arsenic (Heavy metals),,,,
EFSA-Q-2017-00679,,Organic arsenic (Heavy metals),,,,
EFSA-Q-2017-00679,,Cadmium (Heavy metals),,,,
EFSA-Q-2017-00679,,Lead (Heavy metals),,,,
EFSA-Q-2017-00679,,Mercury (Heavy metals),,,,
EFSA-Q-2017-00679,,Total viable count(Microbiological),,,,
EFSA-Q-2017-00679,,Salmonella spp. (Microbiological),,,,
EFSA-Q-2017-00679,,Listeria monocytogenes (Microbiological),,,,
EFSA-Q-2017-00679,,Escherichia coli(Microbiological),,,,
EFSA-Q-2017-00679,,Coagulase positive Staphylococcus aureus(Microbiological),,,,
EFSA-Q-2017-00679,,Pseudomonas aeruginosa (Microbiological),,,,
EFSA-Q-2017-00679,,Yeast and mould (Microbiological),,,,
EFSA-Q-2013-00231,,Protein,,,,
EFSA-Q-2013-00231,,Soluble protein,,,,
EFSA-Q-2013-00231,,Moisture,,,,
EFSA-Q-2013-00231,,Carbohydrates,,,,
EFSA-Q-2013-00231,,Fat,,,,
EFSA-Q-2013-00231,,Ash,,,,
EFSA-Q-2013-00231,,Fibre,,,,
EFSA-Q-2013-00231,,Total glucosinolates,,,,
EFSA-Q-2013-00231,,Total phytate(Antinutritional factors),,,,
EFSA-Q-2013-00231,,Lead (Heavy metals),,,,
EFSA-Q-2013-00231,,Aerobic bacteria count(Microbiological),,,,
EFSA-Q-2013-00231,,Escherichia coli(Microbiological),,,,
EFSA-Q-2013-00231,,Salmonella spp. (Microbiological),,,,
EFSA-Q-2013-00231,,Total coliform count (Microbiological),,,,
EFSA-Q-2013-00231,,Yeast and mould (Microbiological),,,,
EFSA-Q-2021-00194,,Moisture,,,,
EFSA-Q-2021-00194,,Aw / water activity,,,,
EFSA-Q-2021-00194,,Carbohydrates,,,,
EFSA-Q-2021-00194,,Dietary fibre,,,,
EFSA-Q-2021-00194,,Protein,,,,
EFSA-Q-2021-00194,,Fat,,,,
EFSA-Q-2021-00194,,Caffeine,,,,
EFSA-Q-2021-00194,,Total chlorogenic acids,,,,
EFSA-Q-2021-00194,,Epigallocatechin gallate/EGCG,,,,
EFSA-Q-2021-00194,,Pesticide residues(Pesticides),,,,
EFSA-Q-2021-00194,,Ochratoxin A (Mycotoxins),,,,
EFSA-Q-2021-00194,,Aflatoxin B1(Mycotoxins),,,,
EFSA-Q-2021-00194,,Copper(Heavy metals),,,,
EFSA-Q-2021-00194,,Mercury (Heavy metals),,,,
EFSA-Q-2021-00194,,Lead (Heavy metals),,,,
EFSA-Q-2021-00194,,Arsenic (Heavy metals),,,,
EFSA-Q-2021-00194,,Cadmium (Heavy metals),,,,
EFSA-Q-2021-00194,,Aerobic colony count at 30°C(Microbiological),,,,
EFSA-Q-2021-00194,,Yeast (Microbiological),,,,
EFSA-Q-2021-00194,,Mould (Microbiological),,,,
EFSA-Q-2021-00194,,Escherichia coli - Beta-Glucuronidase positive (Microbiological),,,,
EFSA-Q-2003-075,,Total phytosterols,,,,
EFSA-Q-2003-075,,Major phytosterols,,,,
EFSA-Q-2003-075,,Beta-Sitosterol,,,,
EFSA-Q-2003-075,,Beta-Sitostanol,,,,
EFSA-Q-2003-075,,Campesterol,,,,
EFSA-Q-2003-075,,Campestanol,,,,
EFSA-Q-2003-075,,Stigmasterol,,,,
EFSA-Q-2003-075,,Brassicasterol,,,,
EFSA-Q-2003-075,,Vitamin K2(Vitamins),,,,
EFSA-Q-2005-179,,Acid value,,,,
EFSA-Q-2005-179,,Peroxide value,,,,
EFSA-Q-2018-00601,,Vitamin D2 (Vitamins),,,,
EFSA-Q-2018-00601,,Moisture,,,,
EFSA-Q-2018-00601,,Ash,,,,
EFSA-Q-2018-00601,,Standard plate count(Microbiological),,,,
EFSA-Q-2018-00601,,Yeast (Microbiological),,,,
EFSA-Q-2018-00601,,Mould (Microbiological),,,,
EFSA-Q-2018-00601,,Salmonella spp. (Microbiological),,,,
EFSA-Q-2018-00601,,Staphylococcus aureus(Microbiological),,,,
EFSA-Q-2018-00601,,Escherichia coli(Microbiological),,,,
EFSA-Q-2018-00601,,Coliform bacteria (Microbiological),,,,
EFSA-Q-2018-00601,,Enterobacteriaceae (Microbiological),,,,
EFSA-Q-2018-00601,,Listeria monocytogenes (Microbiological),,,,
EFSA-Q-2019-00204,,Human identical milk saccharides - HiMS,,,,
EFSA-Q-2019-00204,,3'-Sialyllactose sodium salt,,,,
EFSA-Q-2019-00204,,D-Lactose,,,,
EFSA-Q-2019-00204,,Sialic acid,,,,
EFSA-Q-2019-00204,,3'-sialyl-lactulose,,,,
EFSA-Q-2019-00204,,Other carbohydrates,,,,
EFSA-Q-2019-00204,,pH,,,,
EFSA-Q-2019-00204,,Water,,,,
EFSA-Q-2019-00204,,Sodium (Minerals),,,,
EFSA-Q-2019-00204,,Chloride (Minerals),,,,
EFSA-Q-2019-00204,,,,,,
EFSA-Q-2019-00204,,Aerobic mesophilic total plate count(Microbiological),,,,
EFSA-Q-2019-00204,,Enterobacteriaceae (Microbiological),,,,
EFSA-Q-2019-00204,,Salmonella spp. (Microbiological),,,,
EFSA-Q-2019-00204,,Yeast (Microbiological),,,,
EFSA-Q-2019-00204,,Mould (Microbiological),,,,
EFSA-Q-2019-00204,,Residual endotoxins (Microbiological),,,,
EFSA-Q-2007-119,,Synthetic crystalline lycopene,,,,
EFSA-Q-2007-119,,Gelatin,,,,
EFSA-Q-2007-119,,Sucrose,,,,
EFSA-Q-2007-119,,Native corn starch,,,,
EFSA-Q-2007-119,,Sodium ascorbate,,,,
EFSA-Q-2007-119,,"d,l-α-tocopherol E307",,,,
EFSA-Q-2007-119,,Ascorbyl palmitate (E304),,,,
EFSA-Q-2007-119,,Tri-calcium phosphate - E341,,,,
EFSA-Q-2007-119,,Water,,,,
EFSA-Q-2019-00043,,Carbohydrates,,,,
EFSA-Q-2019-00043,,Beta-glucan ,>50,Percent,,
EFSA-Q-2019-00043,,Protein,,,,
EFSA-Q-2019-00043,,Fat,,,,
EFSA-Q-2019-00043,,Ash,<=10,Percent,,
EFSA-Q-2019-00043,,Moisture,,,,
EFSA-Q-2019-00043,,Lead (Heavy metals),,,,
EFSA-Q-2019-00043,,Cadmium (Heavy metals),,,,
EFSA-Q-2019-00043,,Mercury (Heavy metals),,,,
EFSA-Q-2019-00043,,Arsenic (Heavy metals),,,,
EFSA-Q-2019-00043,,Aerobic plate count(Microbiological),,,,
EFSA-Q-2019-00043,,Coliform bacteria (Microbiological),,,,
EFSA-Q-2019-00043,,Yeast and mould (Microbiological),,,,
EFSA-Q-2019-00043,,Escherichia coli(Microbiological),,,,
EFSA-Q-2019-00043,,Staphylococcus aureus(Microbiological),,,,
EFSA-Q-2019-00043,,Salmonella spp. (Microbiological),,,,
EFSA-Q-2019-00043,,Listeria monocytogenes (Microbiological),,,,
EFSA-Q-2018-00103,,,,,,
EFSA-Q-2018-00103,,Collagen,,,,
EFSA-Q-2018-00103,,Elastin,,,,
EFSA-Q-2018-00103,,Total glycosaminoglycans,,,,
EFSA-Q-2018-00103,,Calcium (Minerals),,,,
EFSA-Q-2018-00103,,pH,,,,
EFSA-Q-2018-00103,,Ash,,,,
EFSA-Q-2018-00103,,Moisture,,,,
EFSA-Q-2018-00103,,Aw / water activity,,,,
EFSA-Q-2018-00103,,Arsenic (Heavy metals),,,,
EFSA-Q-2018-00103,,Aerobic plate count(Microbiological),,,,
EFSA-Q-2018-00103,,Escherichia coli(Microbiological),,,,
EFSA-Q-2018-00103,,Salmonella spp. (Microbiological),,,,
EFSA-Q-2018-00103,,Coliform bacteria (Microbiological),,,,
EFSA-Q-2018-00103,,Staphylococcus aureus(Microbiological),,,,
EFSA-Q-2018-00103,,Mesophilic spore count (Microbiological),,,,
EFSA-Q-2018-00103,,Thermophilic spore count (microbiological),,,,
EFSA-Q-2011-00990,,Astaxanthin,,,,
EFSA-Q-2011-00990,,Moisture,,,,
EFSA-Q-2011-00990,,Lead (Heavy metals),,,,
EFSA-Q-2011-00990,,"Total Pb, As, Cd, Hg(Heavy metals)",,,,
EFSA-Q-2011-00990,,Total plate count(Microbiological),,,,
EFSA-Q-2011-00990,,Yeast and mould (Microbiological),,,,
EFSA-Q-2011-00990,,Enterococcus (Microbiological),,,,
EFSA-Q-2011-00990,,Enterobacteriaceae (Microbiological),,,,
EFSA-Q-2011-00990,,Escherichia coli(Microbiological),,,,
EFSA-Q-2011-00990,,Staphylococcus aureus(Microbiological),,,,
EFSA-Q-2019-00115,,Moisture,,,,
EFSA-Q-2019-00115,,Crude protein,,,,
EFSA-Q-2019-00115,,Fat,,,,
EFSA-Q-2019-00115,,Saturated fatty acids,,,,
EFSA-Q-2019-00115,,Digestible carbohydrates,,,,
EFSA-Q-2019-00115,,Dietary fibre,,,,
EFSA-Q-2019-00115,,Chitin,,,,
EFSA-Q-2019-00115,,Peroxide value,,,,
EFSA-Q-2019-00115,,Lead (Heavy metals),,,,
EFSA-Q-2019-00115,,Cadmium (Heavy metals),,,,
EFSA-Q-2019-00115,,"Aflatoxins - Sum of B1, B2, G1, G2 (Mycotoxins)",,,,
EFSA-Q-2019-00115,,Deoxynivalenol (Mycotoxins),,,,
EFSA-Q-2019-00115,,Ochratoxin A (Mycotoxins),,,,
EFSA-Q-2019-00115,,Sum of dioxins and dioxins-like PCBs(Process contaminants),,,,
EFSA-Q-2019-00115,,Sum of dioxins and dioxins-like PCBs(Process contaminants),,,,
EFSA-Q-2019-00115,,Total aerobic colony count (Microbiological),,,,
EFSA-Q-2019-00115,,Enterobacteriaceae - presumptive (Microbiological),,,,
EFSA-Q-2019-00115,,Escherichia coli(Microbiological),,,,
EFSA-Q-2019-00115,,Listeria monocytogenes (Microbiological),,,,
EFSA-Q-2019-00115,,Salmonella spp. (Microbiological),,,,
EFSA-Q-2019-00115,,Bacillus cereus - presumptive (Microbiological),,,,
EFSA-Q-2019-00115,,Coagulase positive Staphylococci(Microbiological),,,,
EFSA-Q-2019-00115,,Sulfite-reducing anaerobes (Microbiological),,,,
EFSA-Q-2019-00115,,Yeast and mould (Microbiological),,,,
EFSA-Q-2014-00232,,trans-Resveratrol,>=99,Percent,,
EFSA-Q-2014-00232,,Total by-products,<=0.5,Percent,,
EFSA-Q-2014-00232,,Pinostilbene,<=0.1,Percent,,
EFSA-Q-2014-00232,,Pinostilbene isomers,<=0.1,Percent,,
EFSA-Q-2014-00232,,Pterostilbene,<=0.1,Percent,,
EFSA-Q-2014-00232,,2-Methylresveratrol,<=0.1,Percent,,
EFSA-Q-2014-00232,,3-Methylresveratrol,<=0.1,Percent,,
EFSA-Q-2014-00232,,'Homo'-resveratrol,<=0.1,Percent,,"Trivial DSM internal name for 5-[(1E,3E)-4-(4-hydroxyphenyl)-1,3-butadien-1-yl]-1,3-Benzenediol, its CAS number is 945484-65-1."
EFSA-Q-2014-00232,,Unknown impurities,<=0.1,Percent,,
EFSA-Q-2014-00232,,Heavy metals,,,,
EFSA-Q-2014-00232,,Sulphated ash,<=0.1,Percent,,
EFSA-Q-2014-00232,,Isopropanol,,,other,
EFSA-Q-2014-00232,,Tetrahydrofuran(Residual solvents),,,other,
EFSA-Q-2014-00232,,Ethyl acetate,,,other,
EFSA-Q-2014-00232,,Methanol(Residual solvents),,,other,
EFSA-Q-2014-00232,,Toluene,,,other,
EFSA-Q-2014-00232,,Ethanol,,,other,
EFSA-Q-2014-00232,,Diisopropylamine,<=50,Milligram/kilogram,,
EFSA-Q-2014-00232,,Lead (Heavy metals),,,,
EFSA-Q-2014-00232,,Mercury (Heavy metals),,,,
EFSA-Q-2014-00232,,Cadmium (Heavy metals),,,,
EFSA-Q-2014-00232,,Arsenic (Heavy metals),,,,
EFSA-Q-2014-00232,,Moisture,,,,
EFSA-Q-2014-00232,,Sulfated ash,,,,
EFSA-Q-2014-00232,,Diisopropylamine,,,,
EFSA-Q-2014-00232,,Microbiological,,,,
EFSA-Q-2021-00053,,Fat,,,,
EFSA-Q-2021-00053,,Protein,,,,
EFSA-Q-2021-00053,,Dietary fibre,0.5-3.0,Per 100 gram,,
EFSA-Q-2021-00053,,Total plate count(Microbiological),,,,
EFSA-Q-2021-00053,,Yeast and mould (Microbiological),,,,
EFSA-Q-2021-00053,,Enterobacteriaceae (Microbiological),,,,
EFSA-Q-2021-00053,,Coliform bacteria (Microbiological),,,,
EFSA-Q-2021-00053,,Escherichia coli(Microbiological),,,,
EFSA-Q-2021-00053,,Salmonella spp. (Microbiological),,,,
EFSA-Q-2021-00053,,Listeria monocytogenes (Microbiological),,,,
EFSA-Q-2021-00053,,Staphylococcus aureus(Microbiological),,,,
EFSA-Q-2021-00053,,Lead (Heavy metals),,,,
EFSA-Q-2021-00053,,Arsenic (Heavy metals),,,,
EFSA-Q-2021-00053,,Mercury (Heavy metals),,,,
EFSA-Q-2021-00053,,Copper(Heavy metals),< 0.8,Milligram/kilogram,,
EFSA-Q-2021-00053,,Molybdenum (Heavy metals),< 0.3,Milligram/kilogram,,
EFSA-Q-2021-00053,,Zinc(Minerals),< 5,Milligram/kilogram,,
EFSA-Q-2021-00053,,Boron(Minerals),< 5,Milligram/kilogram,,
EFSA-Q-2021-00053,,Manganese(Minerals),< 6,Milligram/kilogram,,
EFSA-Q-2021-00053,,Microcystins,< 0.006,Microgram/gram,,
EFSA-Q-2021-00053,,Oxalic acid(Antinutritional factors),,,other,
EFSA-Q-2021-00053,,Iodine,,,other,
EFSA-Q-2019-00047,,Moisture,,,,
EFSA-Q-2019-00047,,Protein,,,,
EFSA-Q-2019-00047,,Ash,,,,
EFSA-Q-2019-00047,,Fat,,,,
EFSA-Q-2019-00047,,Fibre,,,,
EFSA-Q-2019-00047,,Carotenoids,,,,
EFSA-Q-2019-00047,,Beta-carotene,,,,
EFSA-Q-2019-00047,,Phylloquinone(Vitamins),,,,
EFSA-Q-2019-00047,,Boron(Minerals),,,,
EFSA-Q-2019-00047,,Copper(Heavy metals),,,,
EFSA-Q-2019-00047,,Molybdenum (Heavy metals),,,,
EFSA-Q-2019-00047,,Iron(Heavy metals),,,,
EFSA-Q-2019-00047,,Zinc(Minerals),,,,
EFSA-Q-2019-00047,,Manganese(Minerals),,,,
EFSA-Q-2019-00047,,Arsenic (Heavy metals),,,,
EFSA-Q-2019-00047,,Lead (Heavy metals),,,,
EFSA-Q-2019-00047,,Cadmium (Heavy metals),,,,
EFSA-Q-2019-00047,,Mercury (Heavy metals),,,,
EFSA-Q-2019-00047,,Oxalic acid(Antinutritional factors),,,,
EFSA-Q-2019-00047,,Lysino-alanine(Process contaminants),,,,
EFSA-Q-2019-00047,,"Microcystins, Nodularin (Cyanotoxins)",,,,
EFSA-Q-2019-00047,,Nitrate(Process contaminants),,,,
EFSA-Q-2019-00047,,Total colony count(Microbiological),,,,
EFSA-Q-2019-00047,,Bacillus cereus(Microbiological),,,,
EFSA-Q-2019-00047,,Clostridium perfringens(Microbiological),,,,
EFSA-Q-2019-00047,,Coagulase positive Staphylococci(Microbiological),,,,
EFSA-Q-2019-00047,,Escherichia coli(Microbiological),,,,
EFSA-Q-2019-00047,,Enterobacteriaceae (Microbiological),,,,
EFSA-Q-2019-00047,,Listeria monocytogenes (Microbiological),,,,
EFSA-Q-2019-00047,,Salmonella spp. (Microbiological),,,,
EFSA-Q-2022-00588,,Fat,,,,
EFSA-Q-2022-00588,,Protein,,,,
EFSA-Q-2022-00588,,Carbohydrates,,,,
EFSA-Q-2022-00588,,Fibre,,,,
EFSA-Q-2022-00588,,Ash,,,,
EFSA-Q-2019-00128,,Moisture,,,,
EFSA-Q-2019-00128,,Ash,,,,
EFSA-Q-2019-00128,,Crude fibre,,,,
EFSA-Q-2019-00128,,Crude lipid,,,,
EFSA-Q-2019-00128,,Crude protein,,,,
EFSA-Q-2019-00128,,Carbohydrates,,,,
EFSA-Q-2019-00128,,Energy,,,,
EFSA-Q-2018-00262,,Moisture,,,,
EFSA-Q-2018-00262,,Crude protein,,,,
EFSA-Q-2018-00262,,Digestible carbohydrates,,,,
EFSA-Q-2018-00262,,Carbohydrates,,,,
EFSA-Q-2018-00262,,Fat,,,,
EFSA-Q-2018-00262,,Dioxins,,,other,
EFSA-Q-2018-00262,,PCBs,,,other,
EFSA-Q-2018-00262,,Pesticide residues(Pesticides),,,other,
EFSA-Q-2018-00104,,Foreign matter,,,,
EFSA-Q-2018-00104,,pH,,,,
EFSA-Q-2018-00104,,Protein,,,,
EFSA-Q-2018-00104,,Lactoferrin,,,,
EFSA-Q-2018-00104,,Lactoperoxidase,,,,
EFSA-Q-2018-00104,,Transforming growth factor / TGF-β2,,,,
EFSA-Q-2018-00104,,Moisture,,,,
EFSA-Q-2018-00104,,Lactose,,,,
EFSA-Q-2018-00104,,Fat,,,,
EFSA-Q-2018-00104,,Ash,,,,
EFSA-Q-2018-00104,,Iron(Heavy metals),,,,
EFSA-Q-2018-00104,,Lead (Heavy metals),,,,
EFSA-Q-2018-00104,,Cadmium (Heavy metals),,,,
EFSA-Q-2018-00104,,Mercury (Heavy metals),,,,
EFSA-Q-2018-00104,,Arsenic (Heavy metals),,,,
EFSA-Q-2018-00104,,Aerobic mesophilic count(Microbiological),,,,
EFSA-Q-2018-00104,,Enterobacteriaceae (Microbiological),,,,
EFSA-Q-2018-00104,,Yeast (Microbiological),,,,
EFSA-Q-2018-00104,,Mould (Microbiological),,,,
EFSA-Q-2018-00104,,Escherichia coli(Microbiological),,,,
EFSA-Q-2018-00104,,Coagulase positive Staphylococci(Microbiological),,,,
EFSA-Q-2018-00104,,Salmonella spp. (Microbiological),,,,
EFSA-Q-2018-00104,,Listeria spp. (Microbiological),,,,
EFSA-Q-2018-00104,,Cronobacter spp.(Microbiological),,,,
EFSA-Q-2019-00812,,Identification,,,,
EFSA-Q-2019-00812,,Moisture,,,,
EFSA-Q-2019-00812,,Sulfated ash,,,,
EFSA-Q-2019-00812,,Echinacoside,,,,
EFSA-Q-2019-00812,,Phenylethanoid glycosides,,,,
EFSA-Q-2019-00812,,Arsenic (Heavy metals),,,,
EFSA-Q-2019-00812,,Lead (Heavy metals),,,,
EFSA-Q-2019-00812,,Mercury (Heavy metals),,,,
EFSA-Q-2019-00812,,Cadmium (Heavy metals),,,,
EFSA-Q-2013-00232,,Acid value,,,,
EFSA-Q-2013-00232,,Peroxide value,,,,
EFSA-Q-2013-00232,,Iodine value,,,,
EFSA-Q-2013-00232,,Saponification value,,,,
EFSA-Q-2013-00232,,Unsaponifiable matter,,,,
EFSA-Q-2013-00232,,Palmitic acid - C16:0 (Fatty Acids),,,,
EFSA-Q-2013-00232,,Stearic acid - C18:0(Fatty Acids),,,,
EFSA-Q-2013-00232,,Petroselinic acid - cis-C18:1 n-12 (Fatty Acids),,,,
EFSA-Q-2013-00232,,Oleic acid - cis-C18:1 n-9 (Fatty Acids),,,,
EFSA-Q-2013-00232,,Acid value,,,,
EFSA-Q-2013-00232,,Peroxide value,,,,
EFSA-Q-2013-00232,,Iodine value,,,,
EFSA-Q-2013-00232,,Saponification value,,,,
EFSA-Q-2013-00232,,Unsaponifiable matter,,,,
EFSA-Q-2013-00232,,Palmitic acid - C16:0 (Fatty Acids),,,,
EFSA-Q-2013-00232,,Stearic acid - C18:0(Fatty Acids),,,,
EFSA-Q-2013-00232,,Petroselinic acid - cis-C18:1 n-12 (Fatty Acids),,,,
EFSA-Q-2013-00232,,Oleic acid - cis-C18:1 n-9 (Fatty Acids),,,,
EFSA-Q-2021-00551,,Foreign matter,,,,
EFSA-Q-2021-00551,,Moisture,,,,
EFSA-Q-2021-00551,,Protein,,,,
EFSA-Q-2021-00551,,Fat,,,,
EFSA-Q-2021-00551,,Fibre,,,,
EFSA-Q-2021-00551,,Microbiological,,,,
EFSA-Q-2021-00551,,Total plate count(Microbiological),,,,
EFSA-Q-2021-00551,,Yeast (Microbiological),,,,
EFSA-Q-2021-00551,,Mould (Microbiological),,,,
EFSA-Q-2021-00551,,Staphylococcus aureus(Microbiological),,,,
EFSA-Q-2021-00551,,Coliform bacteria (Microbiological),,,,
EFSA-Q-2021-00551,,Enterobacteriaceae (Microbiological),,,,
EFSA-Q-2021-00551,,Bacillus cereus(Microbiological),,,,
EFSA-Q-2021-00551,,Escherichia coli(Microbiological),,,,
EFSA-Q-2021-00551,,Listeria monocytogenes (Microbiological),,,,
EFSA-Q-2021-00551,,Salmonella spp. (Microbiological),,,,
EFSA-Q-2021-00551,,Arsenic (Heavy metals),,,,
EFSA-Q-2021-00551,,Cadmium (Heavy metals),,,,
EFSA-Q-2021-00551,,Lead (Heavy metals),,,,
EFSA-Q-2021-00551,,Mercury (Heavy metals),,,,
EFSA-Q-2021-00551,,Mycotoxins,,,,
EFSA-Q-2021-00551,,Total aflatoxins (Mycotoxins),,,,
EFSA-Q-2021-00551,,Ochratoxin (Mycotoxins),,,,
EFSA-Q-2018-00282,,Moisture,,,,all food forms
EFSA-Q-2018-00282,,Crude protein,,,,all food forms
EFSA-Q-2018-00282,,Fat,,,,all food forms
EFSA-Q-2018-00282,,Digestible carbohydrates,,,,all food forms
EFSA-Q-2018-00282,,Dietary fibre,,,,all food forms
EFSA-Q-2018-00282,,Chitin,,,,all food forms
EFSA-Q-2018-00282,,Ash,,,,all food forms
EFSA-Q-2018-00282,,Peroxide value,,,,all food forms
EFSA-Q-2018-00282,,Lead (Heavy metals),,,,all food forms
EFSA-Q-2018-00282,,Cadmium (Heavy metals),,,,all food forms
EFSA-Q-2018-00282,,Copper(Heavy metals),,,,all food forms
EFSA-Q-2018-00282,,Manganese(Minerals),,,,all food forms
EFSA-Q-2018-00282,,Zinc(Minerals),,,,all food forms
EFSA-Q-2018-00282,,Aflatoxin B1(Mycotoxins),,,,all food forms
EFSA-Q-2018-00282,,"Aflatoxins - Sum of B1, B2, G1, G2 (Mycotoxins)",,,,all food forms
EFSA-Q-2018-00282,,Deoxynivalenol (Mycotoxins),,,,all food forms
EFSA-Q-2018-00282,,Ochratoxin A (Mycotoxins),,,,all food forms
EFSA-Q-2018-00282,,Total aerobic colony count (Microbiological),,,,all food forms
EFSA-Q-2018-00282,,Enterobacteriaceae (Microbiological),,,,all food forms
EFSA-Q-2018-00282,,Escherichia coli(Microbiological),,,,all food forms
EFSA-Q-2018-00282,,Listeria monocytogenes (Microbiological),,,,all food forms
EFSA-Q-2018-00282,,Salmonella spp. (Microbiological),,,,
EFSA-Q-2018-00282,,Bacillus cereus(Microbiological),,,,
EFSA-Q-2018-00282,,Coagulase positive Staphylococci(Microbiological),,,,
EFSA-Q-2018-00282,,Sulfite-reducing anaerobes (Microbiological),,,,
EFSA-Q-2018-00282,,Yeast and mould (Microbiological),,,,
EFSA-Q-2018-00282,,Pesticide residues(Pesticides),,,other,
EFSA-Q-2018-00282,,Histamine,,,other,
EFSA-Q-2020-00538,,Insolubility index(mL),,,,
EFSA-Q-2020-00538,,pH,,,,
EFSA-Q-2020-00538,,Protein,,,,
EFSA-Q-2020-00538,,Protein,,,,
EFSA-Q-2020-00538,,Beta-lactoglobulin,,,,
EFSA-Q-2020-00538,,Lactose,,,,
EFSA-Q-2020-00538,,Fat,,,,
EFSA-Q-2020-00538,,Ash,,,,
EFSA-Q-2020-00538,,Moisture,,,,
EFSA-Q-2020-00538,,Calcium (Minerals),,,,
EFSA-Q-2020-00538,,Chloride (Minerals),,,,
EFSA-Q-2020-00538,,Magnesium (Minerals),,,,
EFSA-Q-2020-00538,,Phosphorus (Minerals),,,,
EFSA-Q-2020-00538,,Potassium (Minerals),,,,
EFSA-Q-2020-00538,,Sodium (Minerals),,,,
EFSA-Q-2020-00538,,Cadmium (Heavy metals),,,,
EFSA-Q-2020-00538,,Lead (Heavy metals),,,,
EFSA-Q-2020-00538,,Mercury (Heavy metals),,,,
EFSA-Q-2020-00538,,Aflatoxin M1 (Mycotoxins),,,,
EFSA-Q-2020-00538,,Total plate count(Microbiological),,,,
EFSA-Q-2020-00538,,Yeast and mould (Microbiological),,,,
EFSA-Q-2020-00538,,Enterobacteriaceae (Microbiological),,,,
EFSA-Q-2020-00538,,Salmonella spp. (Microbiological),,,,
EFSA-Q-2020-00538,,Bacillus cereus(Microbiological),,,,
EFSA-Q-2020-00538,,Listeria monocytogenes (Microbiological),,,,
EFSA-Q-2020-00538,,Staphylococcus aureus(Microbiological),,,,
EFSA-Q-2020-00538,,Sulfite-reducing clostridia (Microbiological),,,,
EFSA-Q-2014-00862,,Identification,,,,
EFSA-Q-2014-00862,,Lacto-N-neotetraose - LnnT - water free,,,,
EFSA-Q-2014-00862,,D-Lactose,,,,
EFSA-Q-2019-00323,,Acid value,<= 0.5,,,
EFSA-Q-2019-00323,,Peroxide value,<= 5,,,
EFSA-Q-2019-00323,,Moisture,<= 0.05,Percent,,
EFSA-Q-2019-00323,,Unsaponifiable matter,<= 4.5,Percent,,
EFSA-Q-2019-00323,,Trans-fatty acids,<= 1,Percent,,
EFSA-Q-2019-00323,,DHA content,>= 32,Percent,,
EFSA-Q-2019-00323,,p-anisidine,<= 7.3,,other,
EFSA-Q-2019-00323,,Polychlorobiphenyls,,,other,
EFSA-Q-2019-00323,,Dioxins,,,other,
EFSA-Q-2019-00323,,,,,other,
EFSA-Q-2019-00323,,Glycidyl fatty acid esters (Process contaminants),,,other,
EFSA-Q-2019-00323,,Chloropropanols,,,other,
EFSA-Q-2019-00323,,,,,other,
EFSA-Q-2021-00079,,Hydroxyethylmorpholine,,,other,
EFSA-Q-2021-00079,,Formaldehyde,,,other,
EFSA-Q-2021-00079,,Monoethyl esters,,,other,
EFSA-Q-2021-00079,,Diethyl esters,,,other,
EFSA-Q-2018-00514,,25(OH)D3.H2O,97-100,Percent,,
EFSA-Q-2018-00514,,Total related substances,<= 1.5,Percent,,
EFSA-Q-2018-00514,,Other impurities,<= 0.10,Percent,,
EFSA-Q-2018-00514,,Water,3.8-5.0,Percent,,
EFSA-Q-2018-00514,,Acetone(Residual solvents),<= 1000,Milligram/kilogram,,
EFSA-Q-2018-00514,,Isopropanol(Residual solvents),<= 500,Milligram/kilogram,,
EFSA‐Q‐2020‐00111,,Total tetrahydrocurcuminoids,> 95,Percent,,
EFSA‐Q‐2020‐00111,,Moisture,<=1,Percent,,
EFSA‐Q‐2020‐00111,,Ash,<=1,Percent,,
EFSA‐Q‐2020‐00111,,Palladium,<5,Milligram/kilogram,,
EFSA‐Q‐2020‐00111,,Acetone(Residual solvents),,,other,
EFSA‐Q‐2020‐00111,,Ethyl acetate,,,other,
EFSA‐Q‐2020‐00111,,Isopropanol,,,other,
EFSA‐Q‐2020‐00111,,Mycotoxins,,,other,
EFSA-Q-2020-00492,,Ash,20-40,Percent,,
EFSA-Q-2020-00492,,Iron(Heavy metals),2-4,Percent,,
EFSA-Q-2020-00492,,Potassium ,5-15,Percent,,
EFSA-Q-2020-00492,,Phosphorus (Minerals),2-6,Percent,,
EFSA-Q-2020-00492,,Sodium ,<4,Percent,,
EFSA-Q-2020-00492,,Aflatoxin M1 (Mycotoxins),<0.02,Milligram/kilogram,,
EFSA-Q-2020-00417,,Vitamin D2 (Vitamins),125-375,Microgram/gram,,"Converted from International Units (IU) using the conversion factor of 0.025 lg = 1 IU stated in the European Food Safety Authority Technical Report on Dietary Reference Values for nutrients (EFSA, 2017)."
EFSA-Q-2020-00417,,Ash,<= 13.5,Percent,,
EFSA-Q-2020-00417,,Aw / water activity,<= 0.5,,,
EFSA-Q-2022-00371,,Ash,<=5,Per 100 gram,,
EFSA-Q-2022-00371,,Moisture,<=6,Per 100 gram,,
EFSA-Q-2022-00371,,Protein,12.8-14.4,Per 100 gram,,
EFSA-Q-2022-00371,,Carbohydrates,11.0-16.4,Per 100 gram,,
EFSA-Q-2022-00371,,Fat,59.3-66.3,Per 100 gram,,
EFSA-Q-2022-00371,,Dietary fibre,4.4-9.8,Per 100 gram,,
EFSA-Q-2022-00371,,Staphylococcus aureus(Microbiological),0,Per 25 gram,,
EFSA-Q-2022-00371,,Listeria monocytogenes (Microbiological),0,Per 25 gram,,
EFSA-Q-2022-00371,,Manganese(Minerals),,,other,
EFSA-Q-2022-00371,,Dioxins,,,other,
EFSA-Q-2022-00371,,PCBs,,,other,
EFSA-Q-2022-00371,,Peanut allergen,,,other,
EFSA-Q-2018-00279,,Moisture,4-6,Percent,,
EFSA-Q-2018-00279,,Sugar,18-21,Percent,,
EFSA-Q-2018-00279,,Ash,1.0-2.5,Percent,,
EFSA-Q-2018-00279,,Sodium ,<=70,Per 100 gram,,
EFSA-Q-2018-00279,,Quercetin,5.9-8.9,Microgram/gram,,
EFSA-Q-2018-00279,,Dihydromyricetin,0.33-1.19,Milligram/gram,,
EFSA-Q-2018-00279,,Taxifolin,0.15-1.64,Milligram/gram,,
EFSA-Q-2018-00279,,Myricetin,0.04-0.24,Milligram/gram,,
EFSA-Q-2018-00279,,Saponins,,,other,
EFSA-Q-2011-01155,,Dihydrocapsiate,>=94,Percent,,
EFSA-Q-2011-01155,,8-methylnonanoic acid,2-7,Percent,,
EFSA-Q-2011-01155,,Vanillyl alcohol,<1,Percent,,
EFSA-Q-2011-01155,,Hexane,<5,ppm,,
EFSA-Q-2011-01155,,Microbial contaminants,,,other,
EFSA-Q-2007-059,,Myristic acid,<1,Percent,,
EFSA-Q-2007-059,,Palmitic acid,<2,Percent,,
EFSA-Q-2007-059,,Palmitoleic acid – C16:1,<1,Percent,,
EFSA-Q-2007-059,,Stearic acid - C18:0(Fatty Acids),45-58,Percent,,
EFSA-Q-2007-059,,Oleic acid,40-51,Percent,,
EFSA-Q-2007-059,,Linoleic acid,<1,Percent,,
EFSA-Q-2007-059,,γ-Linolenic acid,<1,Percent,,
EFSA-Q-2007-059,,Arachidic acid,<1,Percent,,
EFSA-Q-2007-059,,Free-fatty acids,<=0.1,Percent,,
EFSA-Q-2007-059,,Trans-fatty acids,<=0.5,Percent,,
EFSA-Q-2007-059,,Peroxide value,<=0.8,,,
EFSA-Q-2007-059,,Iodine value,<46,Per 100 gram,,
EFSA-Q-2007-059,,Unsaponifiable matter,<=0.1,Percent,,
EFSA-Q-2007-059,,Saponification value,185-198,,,
EFSA-Q-2007-059,,Lauric acid,<1,Percent,,
EFSA-Q-2007-059,,Mycotoxins,,,other,
EFSA-Q-2007-059,,PCBs,,,other,
EFSA-Q-2007-059,,Alkaloids,,,other,
EFSA-Q-2018-00342,,Dhurrin,,,other,
EFSA-Q-2018-00342,,Cyanogenic glycosides,,,other,
EFSA-Q-2018-00342,,Hydrocyanic acid,,,other,
EFSA-Q-2018-00342,,Hordenine,,,other,
EFSA-Q-2021-00475,,Ash,3-7,Percent,,
EFSA-Q-2021-00475,,Polyphenols,>= 2,Percent,,Folin–Ciocalteu method
EFSA-Q-2021-00475,,Anthocyanins,>= 0.2,Percent,,Spectrophotometry (UV/Vis).
EFSA-Q-2021-00475,,Aerobic plate count(Microbiological),100000,Colony forming unit/gram,,
EFSA-Q-2021-00475,,Yeast and mould (Microbiological),100,Colony forming unit/gram,,
EFSA-Q-2021-00475,,Bacillus cereus(Microbiological),100,Colony forming unit/gram,,
EFSA-Q-2021-00475,,Escherichia coli(Microbiological),1000,Colony forming unit/gram,,
EFSA-Q-2021-00475,,Clostridium perfringens(Microbiological),100,Colony forming unit/gram,,
EFSA-Q-2021-00475,,Listeria monocytogenes (Microbiological),<100,Colony forming unit/gram,,
EFSA-Q-2021-00475,,Dietary fibre,18.4-31.3,Per 100 gram,,
EFSA-Q-2021-00475,,Cyclotides,20-48,Milligram/gram,,
EFSA-Q-2018-00144,,Fibre,2.2,Percent,other,
EFSA-Q-2018-00145,obe food forms,Dietary fibre,2.1-8.3,Percent,other,"Palikova et al., 2008, Caprioli et al., 2016, Tables on food composition in
Japan"
EFSA-Q-2018-00145,,Phenolic acid,0.025-0.14,Percent,other,"Celli et al., 2014, Dudonne et al., 2015, Chaovanalikit et al., 2004"
EFSA-Q-2018-00145,,Anthocyanins,1.5-3.1,Milligram/gram,other,"Celli et al., 2014; Palikova et al., 2008, Caprioli et al., 2016"
EFSA-Q-2018-00145,,Cyanidin-3-glucoside,1.77,Milligram/gram,other,"Dudonne et al., 2015"
EFSA-Q-2018-00145,,Flavonoids,0.05-0.7,Percent,other,"Celli et al., 2014 - total flavonoid as quercetin equivalents"
EFSA-Q-2018-00145,,Saponins,380-695,Milligram/100 gram,other,Senica et al. (2017)
EFSA-Q-2021-00757,,Acidity,0.80 - 1.33,Percent,other,
EFSA-Q-2021-00757,,Aw / water activity,0.595 - 0.602,,,
EFSA-Q-2021-00757,,Peroxide value,<1,,,
EFSA-Q-2021-00757,,Microbiological count, <=6.0,Colony forming unit/gram,,
EFSA-Q-2021-00757,,Yeast (Microbiological),< 10,Colony forming unit/gram,,
EFSA-Q-2021-00757,,Mould (Microbiological),10-4400,Colony forming unit/gram,,
EFSA-Q-2021-00757,,Sulphite-reducing anaerobic bacteria count,<10,Colony forming unit/gram,,
EFSA-Q-2021-00757,,Salmonella spp. (Microbiological),0,,,
EFSA-Q-2021-00757,,Listeria monocytogenes (Microbiological),0,,,
EFSA-Q-2020-00284,,Carbohydrates,<=5.0,Percent,Characterisation,
EFSA-Q-2020-00284,,Fat,<=5.5,Percent,Characterisation,
EFSA-Q-2020-00284,,Protein,>=84,Percent,Characterisation,
EFSA-Q-2020-00284,,Minerals,,Percent,Characterisation,
EFSA-Q-2020-00284,,Vitamins,0,Percent,Characterisation,
EFSA-Q-2020-00284,,Moisture,<=6,Percent,Characterisation,
EFSA-Q-2019-00323,,Carbohydrates,< 0.1,Percent,Characterisation,
EFSA-Q-2019-00323,,Fat,>= 94,Percent,Characterisation,
EFSA-Q-2019-00323,,Protein,0.25,Percent,Characterisation,
EFSA-Q-2019-00323,,Minerals,>0.04,Percent,Characterisation,"minerals = salt, carotenoids not extracted as vitamins"
EFSA-Q-2019-00323,,Vitamins,,Percent,Characterisation,
EFSA-Q-2019-00323,,Moisture,< 0.1,Percent,Characterisation,
EFSA-Q-2021-00079,,Carbohydrates,0,Percent,Characterisation,
EFSA-Q-2021-00079,,Fat,0,Percent,Characterisation,
EFSA-Q-2021-00079,,Protein,0,Percent,Characterisation,
EFSA-Q-2021-00079,,Minerals,4.0-5.0,Percent,Characterisation,"Minerals derived from specification for ""assay sodium"". "
EFSA-Q-2021-00079,,Vitamins,>95,Percent,Characterisation,"Vitamins derived from specification for ""assay 5-MeTHFA-Na on dry basis""."
EFSA-Q-2021-00079,,Moisture,<=1.0,Percent,Characterisation,
EFSA-Q-2018-00514,,Carbohydrates,,Percent,Characterisation,
EFSA-Q-2018-00514,,Fat,,Percent,Characterisation,
EFSA-Q-2018-00514,,Protein,,Percent,Characterisation,
EFSA-Q-2018-00514,,Minerals,,Percent,Characterisation,
EFSA-Q-2018-00514,,Vitamins,97-100,Percent,Characterisation,
EFSA-Q-2018-00514,,Moisture,<5,Percent,Characterisation,
EFSA-Q-2018-00480,,Carbohydrates,,Percent,Characterisation,
EFSA-Q-2018-00480,,Fat,,Percent,Characterisation,
EFSA-Q-2018-00480,,Protein,,Percent,Characterisation,
EFSA-Q-2018-00480,,Minerals,,Percent,Characterisation,
EFSA-Q-2018-00480,,Vitamins,> 90,Percent,Characterisation,vitamins= Nicotinamide Riboside chloride
EFSA-Q-2018-00480,,Moisture,2,Percent,Characterisation,
EFSA-Q-2021-00053,,Carbohydrates,,Percent,Characterisation,
EFSA-Q-2021-00053,,Fat,0.1-0.3,Percent,Characterisation,
EFSA-Q-2021-00053,,Protein,1.0-3.0,Percent,Characterisation,
EFSA-Q-2021-00053,,Minerals,,Percent,Characterisation,
EFSA-Q-2021-00053,,Vitamins,,Percent,Characterisation,
EFSA-Q-2021-00053,,Moisture,96.5,Percent,Characterisation,
EFSA-Q-2018-00282,frozen whole food,Carbohydrates,0.4-2,Percent,Characterisation,
EFSA-Q-2018-00282,frozen whole food,Fat,5-12,Percent,Characterisation,
EFSA-Q-2018-00282,frozen whole food,Protein,12-25,Percent,Characterisation,
EFSA-Q-2018-00282,frozen whole food,Minerals,,Percent,Characterisation,
EFSA-Q-2018-00282,frozen whole food,Vitamins,,Percent,Characterisation,
EFSA-Q-2018-00282,frozen whole food,Moisture,65-80,Percent,Characterisation,
EFSA-Q-2018-00282,paste,Carbohydrates,0.4-2,Percent,Characterisation,
EFSA-Q-2018-00282,paste,Fat,5-12,Percent,Characterisation,
EFSA-Q-2018-00282,paste,Protein,12-25,Percent,Characterisation,
EFSA-Q-2018-00282,paste,Minerals,,Percent,Characterisation,
EFSA-Q-2018-00282,paste,Vitamins,,Percent,Characterisation,
EFSA-Q-2018-00282,paste,Moisture,65-80,Percent,Characterisation,
EFSA-Q-2018-00282,dried whole food,Carbohydrates,1.5-3.5,Percent,Characterisation,
EFSA-Q-2018-00282,dried whole food,Fat,20-35,Percent,Characterisation,
EFSA-Q-2018-00282,dried whole food,Protein,50-70,Percent,Characterisation,
EFSA-Q-2018-00282,dried whole food,Minerals,,Percent,Characterisation,
EFSA-Q-2018-00282,dried whole food,Vitamins,,Percent,Characterisation,
EFSA-Q-2018-00282,dried whole food,Moisture,1-5,Percent,Characterisation,
EFSA-Q-2018-00282,powder,Carbohydrates,1.5-3.5,Percent,Characterisation,
EFSA-Q-2018-00282,powder,Fat,20-35,Percent,Characterisation,
EFSA-Q-2018-00282,powder,Protein,50-70,Percent,Characterisation,
EFSA-Q-2018-00282,powder,Minerals,,Percent,Characterisation,
EFSA-Q-2018-00282,powder,Vitamins,,Percent,Characterisation,
EFSA-Q-2018-00282,powder,Moisture,1-5,Percent,Characterisation,
EFSA-Q-2018-00542,,Carbohydrates,1-7,Percent,Characterisation,
EFSA-Q-2018-00542,,Fat,54-61,Percent,Characterisation,
EFSA-Q-2018-00542,,Protein,21-32,Percent,Characterisation,
EFSA-Q-2018-00542,,Minerals,,Percent,Characterisation,
EFSA-Q-2018-00542,,Vitamins,0,Percent,Characterisation,
EFSA-Q-2018-00542,,Moisture,<=3,Percent,Characterisation,
EFSA‐Q‐2020‐00111,,Carbohydrates,,Percent,Characterisation,"Proteins and carbohydrates not detected, but LODs were high. "
EFSA‐Q‐2020‐00111,,Fat,0.22-0.29,Percent,Characterisation,
EFSA‐Q‐2020‐00111,,Protein,,Percent,Characterisation,"Proteins and carbohydrates not detected, but LODs were high. "
EFSA‐Q‐2020‐00111,,Minerals,0.001-0.002,Percent,Characterisation,Minerals derived from characterization for sodium.
EFSA‐Q‐2020‐00111,,Vitamins,0,Percent,Characterisation,
EFSA‐Q‐2020‐00111,,Moisture,<=1,Percent,Characterisation,
EFSA-Q-2019-00043,,Carbohydrates,<= 75,Percent,Characterisation,
EFSA-Q-2019-00043,,Fat,<= 15,Percent,Characterisation,
EFSA-Q-2019-00043,,Protein,>= 15,Percent,Characterisation,
EFSA-Q-2019-00043,,Minerals,,Percent,Characterisation,
EFSA-Q-2019-00043,,Vitamins,,Percent,Characterisation,
EFSA-Q-2019-00043,,Moisture,<= 6,Percent,Characterisation,
EFSA-Q-2020-00492,,Carbohydrates,< 0.1,Percent,Characterisation,Carbohydrates = lactose monohydrate
EFSA-Q-2020-00492,,Fat,< 1,Percent,Characterisation,
EFSA-Q-2020-00492,,Protein,50-65,Percent,Characterisation,
EFSA-Q-2020-00492,,Minerals,< 29,Percent,Characterisation,"minerals summed up as upper limits for iron, potassium, phosphorus and sodium from specifications."
EFSA-Q-2020-00492,,Vitamins,,Percent,Characterisation,
EFSA-Q-2020-00492,,Moisture,< 8,Percent,Characterisation,
EFSA-Q-2020-00417,,Carbohydrates,<= 60,Percent,Characterisation,
EFSA-Q-2020-00417,,Fat,<= 4.5,Percent,Characterisation,
EFSA-Q-2020-00417,,Protein,<= 40,Percent,Characterisation,
EFSA-Q-2020-00417,,Minerals,,Percent,Characterisation,
EFSA-Q-2020-00417,,Vitamins,<0.04,Percent,Characterisation,Vitamins = vitamin D2
EFSA-Q-2020-00417,,Moisture,<= 7.0,Percent,Characterisation,
EFSA-Q-2022-00371,,Carbohydrates,11.0-16.4 ,Percent,Characterisation,
EFSA-Q-2022-00371,,Fat,59.3-66.3 ,Percent,Characterisation,
EFSA-Q-2022-00371,,Protein,12.8-14.4 ,Percent,Characterisation,
EFSA-Q-2022-00371,,Minerals,,Percent,Characterisation,
EFSA-Q-2022-00371,,Vitamins,,Percent,Characterisation,
EFSA-Q-2022-00371,,Moisture,<=6,Percent,Characterisation,
EFSA-Q-2018-00279,,Carbohydrates,89-94,Percent,Characterisation,
EFSA-Q-2018-00279,,Fat,<1,Percent,Characterisation,
EFSA-Q-2018-00279,,Protein,1-3,Percent,Characterisation,
EFSA-Q-2018-00279,,Minerals,<=0.07,Percent,Characterisation,Minerals derived from the specifications for sodium.
EFSA-Q-2018-00279,,Vitamins,0,Percent,Characterisation,
EFSA-Q-2018-00279,,Moisture,4-6,Percent,Characterisation,
EFSA-Q-2011-01155,,Carbohydrates,0,Percent,Characterisation,
EFSA-Q-2011-01155,,Fat,0,Percent,Characterisation,
EFSA-Q-2011-01155,,Protein,0,Percent,Characterisation,
EFSA-Q-2011-01155,,Minerals,,Percent,Characterisation,
EFSA-Q-2011-01155,,Vitamins,0,Percent,Characterisation,
EFSA-Q-2011-01155,,Moisture,0,Percent,Characterisation,
EFSA-Q-2020-00488,,Carbohydrates,21.9-38.9,Percent,Characterisation,
EFSA-Q-2020-00488,,Fat,0.6-2.5,Percent,Characterisation,
EFSA-Q-2020-00488,,Protein,14.3-20.0,Percent,Characterisation,
EFSA-Q-2020-00488,,Minerals,,Percent,Characterisation,
EFSA-Q-2020-00488,,Vitamins,0,Percent,Characterisation,
EFSA-Q-2020-00488,,Moisture,10.9-15.5,Percent,Characterisation,
EFSA-Q-2014-00232,,Carbohydrates,0,Percent,Characterisation,
EFSA-Q-2014-00232,,Fat,0,Percent,Characterisation,
EFSA-Q-2014-00232,,Protein,0,Percent,Characterisation,
EFSA-Q-2014-00232,,Minerals,0,Percent,Characterisation,
EFSA-Q-2014-00232,,Vitamins,0,Percent,Characterisation,
EFSA-Q-2014-00232,,Moisture,0,Percent,Characterisation,
EFSA-Q-2020-00747,,Carbohydrates,,Percent,Characterisation,
EFSA-Q-2020-00747,,Fat,0,Percent,Characterisation,
EFSA-Q-2020-00747,,Protein,<=0.6,Percent,Characterisation,
EFSA-Q-2020-00747,,Minerals,0,Percent,Characterisation,
EFSA-Q-2020-00747,,Vitamins,0,Percent,Characterisation,
EFSA-Q-2020-00747,,Moisture,0,Percent,Characterisation,
EFSA-Q-2007-059,,Carbohydrates,0,Percent,Characterisation,
EFSA-Q-2007-059,,Fat,85-100,Percent,Characterisation,Fats derived from the specifications for Stearic acid (C18:0) and Oleic acid (C18:1).
EFSA-Q-2007-059,,Protein,<0.0019,Percent,Characterisation,
EFSA-Q-2007-059,,Minerals,0,Percent,Characterisation,
EFSA-Q-2007-059,,Vitamins,0,Percent,Characterisation,
EFSA-Q-2007-059,,Moisture,0,Percent,Characterisation,
EFSA-Q-2007-181,puree,Carbohydrates,7.2,Percent,Characterisation,
EFSA-Q-2007-181,puree,Fat,0.1,Percent,Characterisation,
EFSA-Q-2007-181,puree,Protein,0.55,Percent,Characterisation,
EFSA-Q-2007-181,puree,Minerals,,Percent,Characterisation,
EFSA-Q-2007-181,puree,Vitamins,,Percent,Characterisation,
EFSA-Q-2007-181,puree,Moisture,91.5,Percent,Characterisation,
EFSA-Q-2007-181,concentrate,Carbohydrates,41.5,Percent,Characterisation,
EFSA-Q-2007-181,concentrate,Fat,0.02,Percent,Characterisation,
EFSA-Q-2007-181,concentrate,Protein,3.3,Percent,Characterisation,
EFSA-Q-2007-181,concentrate,Minerals,,Percent,Characterisation,
EFSA-Q-2007-181,concentrate,Vitamins,,Percent,Characterisation,
EFSA-Q-2007-181,concentrate,Moisture,50.5,Percent,Characterisation,
EFSA-Q-2018-00342,,Carbohydrates,>=74,Percent,Characterisation,
EFSA-Q-2018-00342,,Fat,0,Percent,Characterisation,
EFSA-Q-2018-00342,,Protein,0-0.1,Percent,Characterisation,
EFSA-Q-2018-00342,,Minerals,0.241,Percent,Characterisation,"Minerals derived from compositional information for ""salts""."
EFSA-Q-2018-00342,,Vitamins,0,Percent,Characterisation,
EFSA-Q-2018-00342,,Moisture,22.7,Percent,Characterisation,
EFSA-Q-2018-00374,,Carbohydrates,>=92.0,Percent,Characterisation,"Carbohydrates derived from specification for ""Sum of 2’-FL, DFL, lactose and fucose""."
EFSA-Q-2018-00374,,Fat,0,Percent,Characterisation,
EFSA-Q-2018-00374,,Protein,<=0.01,Percent,Characterisation,
EFSA-Q-2018-00374,,Minerals,,Percent,Characterisation,
EFSA-Q-2018-00374,,Vitamins,0,Percent,Characterisation,
EFSA-Q-2018-00374,,Moisture,<=6.0,Percent,Characterisation,
EFSA-Q-2019-00395,pulp,Carbohydrates,18.5-22.0 ,Percent,Characterisation,carbohydrates as sugars
EFSA-Q-2019-00395,pulp,Fat,0-0.2 ,Percent,Characterisation,
EFSA-Q-2019-00395,pulp,Protein,0-1 ,Percent,Characterisation,
EFSA-Q-2019-00395,pulp,Minerals,,Percent,Characterisation,
EFSA-Q-2019-00395,pulp,Vitamins,,Percent,Characterisation,
EFSA-Q-2019-00395,pulp,Moisture,80,Percent,Characterisation,
EFSA-Q-2019-00395,juice,Carbohydrates,18.5-22.0 ,Percent,Characterisation,carbohydrates as sugars
EFSA-Q-2019-00395,juice,Fat,0-0.2 ,Percent,Characterisation,
EFSA-Q-2019-00395,juice,Protein,0-1 ,Percent,Characterisation,
EFSA-Q-2019-00395,juice,Minerals,,Percent,Characterisation,
EFSA-Q-2019-00395,juice,Vitamins,,Percent,Characterisation,
EFSA-Q-2019-00395,juice,Moisture,80,Percent,Characterisation,
EFSA-Q-2021-00475,,Carbohydrates,>60,Percent,Characterisation,
EFSA-Q-2021-00475,,Fat,>2.5 ,Percent,Characterisation,
EFSA-Q-2021-00475,,Protein,>19,Percent,Characterisation,
EFSA-Q-2021-00475,,Minerals,,Percent,Characterisation,
EFSA-Q-2021-00475,,Vitamins,,Percent,Characterisation,
EFSA-Q-2021-00475,,Moisture,7-14,Percent,Characterisation,
EFSA-Q-2017-00461,,Carbohydrates,98-102,Percent,Characterisation,carbohydrates=D-ribose
EFSA-Q-2017-00461,,Fat,,Percent,Characterisation,
EFSA-Q-2017-00461,,Protein,,Percent,Characterisation,
EFSA-Q-2017-00461,,Minerals,,Percent,Characterisation,
EFSA-Q-2017-00461,,Vitamins,,Percent,Characterisation,
EFSA-Q-2017-00461,,Moisture,<0.5,Percent,Characterisation,
EFSA-Q-2018-00144,,Carbohydrates,76.1,Percent,Characterisation,
EFSA-Q-2018-00144,,Fat,1.2,Percent,Characterisation,
EFSA-Q-2018-00144,,Protein,6.9,Percent,Characterisation,
EFSA-Q-2018-00144,,Minerals,,Percent,Characterisation,
EFSA-Q-2018-00144,,Vitamins,2.4,Percent,Characterisation,vitamins added up from table 1
EFSA-Q-2018-00144,,Moisture,,Percent,Characterisation,
EFSA-Q-2018-00247,,Carbohydrates,,Percent,Characterisation,composition not specified in the opinion
EFSA-Q-2018-00247,,Fat,,Percent,Characterisation,composition not specified in the opinion
EFSA-Q-2018-00247,,Protein,,Percent,Characterisation,composition not specified in the opinion
EFSA-Q-2018-00247,,Minerals,,Percent,Characterisation,composition not specified in the opinion
EFSA-Q-2018-00247,,Vitamins,,Percent,Characterisation,composition not specified in the opinion
EFSA-Q-2018-00247,,Moisture,,Percent,Characterisation,composition not specified in the opinion
EFSA-Q-2017-00554,,Carbohydrates,,Percent,Characterisation,composition not specified in the opinion
EFSA-Q-2017-00554,,Fat,,Percent,Characterisation,composition not specified in the opinion
EFSA-Q-2017-00554,,Protein,,Percent,Characterisation,composition not specified in the opinion
EFSA-Q-2017-00554,,Minerals,,Percent,Characterisation,composition not specified in the opinion
EFSA-Q-2017-00554,,Vitamins,,Percent,Characterisation,composition not specified in the opinion
EFSA-Q-2017-00554,,Moisture,,Percent,Characterisation,composition not specified in the opinion
EFSA-Q-2018-00145,whole food,Carbohydrates,0.9-12.8,Percent,Characterisation,
EFSA-Q-2018-00145,whole food,Fat,0.01-1.5,Percent,Characterisation,
EFSA-Q-2018-00145,whole food,Protein,0.7-2.1,Percent,Characterisation,
EFSA-Q-2018-00145,whole food,Minerals,,Percent,Characterisation,
EFSA-Q-2018-00145,whole food,Vitamins,,Percent,Characterisation,
EFSA-Q-2018-00145,whole food,Moisture,82.7-87.7,Percent,Characterisation,
EFSA-Q-2018-00145,frozen whole food,Carbohydrates,0.9-12.8,Percent,Characterisation,
EFSA-Q-2018-00145,frozen whole food,Fat,0.01-1.5,Percent,Characterisation,
EFSA-Q-2018-00145,frozen whole food,Protein,0.7-2.1,Percent,Characterisation,
EFSA-Q-2018-00145,frozen whole food,Minerals,,Percent,Characterisation,
EFSA-Q-2018-00145,frozen whole food,Vitamins,,Percent,Characterisation,
EFSA-Q-2018-00145,frozen whole food,Moisture,82.7-87.7,Percent,Characterisation,
EFSA-Q-2018-00262,whole food,Carbohydrates,1-6,Percent,Characterisation,
EFSA-Q-2018-00262,whole food,Fat,25-30,Percent,Characterisation,
EFSA-Q-2018-00262,whole food,Protein,56-61,Percent,Characterisation,
EFSA-Q-2018-00262,whole food,Minerals,,Percent,Characterisation,
EFSA-Q-2018-00262,whole food,Vitamins,,Percent,Characterisation,
EFSA-Q-2018-00262,whole food,Moisture,1-8,Percent,Characterisation,
EFSA-Q-2018-00262,powder,Carbohydrates,1-6,Percent,Characterisation,
EFSA-Q-2018-00262,powder,Fat,25-30,Percent,Characterisation,
EFSA-Q-2018-00262,powder,Protein,56-61,Percent,Characterisation,
EFSA-Q-2018-00262,powder,Minerals,,Percent,Characterisation,
EFSA-Q-2018-00262,powder,Vitamins,,Percent,Characterisation,
EFSA-Q-2018-00262,powder,Moisture,1-8,Percent,Characterisation,
EFSA-Q-2021-00757,,Carbohydrates,3.98,Percent,Characterisation,
EFSA-Q-2021-00757,,Fat,18.91 - 79.55,Percent,Characterisation,total fat
EFSA-Q-2021-00757,,Protein,10.8 - 14.58,Percent,Characterisation,
EFSA-Q-2021-00757,,Minerals,,Percent,Characterisation,
EFSA-Q-2021-00757,,Vitamins,,Percent,Characterisation,
EFSA-Q-2021-00757,,Moisture,3.49-6.08,Percent,Characterisation,
EFSA-Q-2018-00769,,Carbohydrates,<2,Percent,Characterisation,
EFSA-Q-2018-00769,,Fat,6-12,Percent,Characterisation,
EFSA-Q-2018-00769,,Protein,40-50,Percent,Characterisation,
EFSA-Q-2018-00769,,Minerals,,Percent,Characterisation,
EFSA-Q-2018-00769,,Vitamins,,Percent,Characterisation,
EFSA-Q-2018-00769,,Moisture,<=5,Percent,Characterisation,
