person,status,nf name,applicant,question,nf code,mandate,title,adoption date,publication date,doi,url,panel,so,stability - sufficient stability data,stability - food matrices,stability - instability concern,stability – shelf life value,stability – shelf life unit,allergenicity,nutritional – background exposure assessment,nutritional – compounds of interest,nutritional – disadvantageous,nutritional - reason,nutritional - protein digestibility,nutritional – antinutritional factors,nutritional – antinutritional factors list,regulation,category,nf - common name,nf - trade name,nf - food forms,outcome,outcome remarks,substances of concern,HBGV,specific toxicity,specific toxicity – type,endocrine disrupting properties,food category,toxicology required,genotox outcome
MF,done,mung bean protein,"Eat Just, Inc.",EFSA-Q-2020-00284,NF 2020/1651,NF: New dossier,Safety of mung bean protein as a novel food pursuant to Regulation (EU) 2015/2283,14 September 2021,20-10-2021,10.2903/j.efsa.2021.6846,https://efsa.onlinelibrary.wiley.com/doi/full/10.2903/j.efsa.2021.6846,NDA,Antonio Fernandez,Yes,No,no,12,month(s),"Possible cross-reactivity, Possible primary sensitization",yes,"magnesium, sodium",No,,Yes,Yes,"phytic acid, tannins, cyanogenic glycosides, trypsin inhibitors, lectin",EU 2015/2283,2015/2283 : plants or their parts,,,powder,Positive,,No,No,No,,No,FAIM,no,
KN,checking/adjustments done,oil from Schizochytrium limacinum (strain FCC-3204),Fermentalg,EFSA-Q-2019-00323,NF 2019/1046,NF: Extension of use,Safety of oil from Schizochytrium limacinum (strain FCC-3204) for use in food supplements as a novel food pursuant to Regulation (EU) 2015/2283,24 November 2020,18-1-2021,10.2903/j.efsa.2021.6345,https://efsa.onlinelibrary.wiley.com/doi/10.2903/j.efsa.2021.6345,NDA,Emanuela Turla,Yes,No,no,2,year(s),Unlikely,no,,No,,No,No,,EU 2015/2283,2015/2283 : microorganisms,"DHA-rich oil from Schizochytrium sp., DHA-rich algal oil",,oil,Partially negative,"The Panel considers that the data provided by the applicant are not sufﬁcient to conclude on the safety of the NF at the proposed uses (3 g DHA/day as a food supplement) in adults. However, in 2012, the Panel concluded that supplemental intakes of DHA alone up to about 1 g/day do not raise safety concerns for the general population. The Panel concludes that the NF is safe for the use in food supplements at the maximum intake level of1 g DHA/day for the target population (adults, excluding pregnant and lactating women)",No,No,No,,No,,yes,no concerns
MF,done,monosodium salt of l‐5‐methyltetrahydrofolic acid, ,EFSA-Q-2021-00079,NF 2020/2160,"NF: New dossier, NF: nutrient source","Safety of monosodium salt of l‐5‐methyltetrahydrofolic acid as a novel food pursuant to Regulation (EU) 2015/2283 and the bioavailability of folate from this source in the context of Directive 2002/46/EC, Regulation (EU) No 609/2013 and Regulation (EC) No 1925/2006",26 October 2023,29-11-2023,10.2903/j.efsa.2023.8417,https://efsa.onlinelibrary.wiley.com/doi/full/10.2903/j.efsa.2023.8417,NDA,Leonard Matijevic,Yes,Yes,yes,24,month(s),Unlikely,no,,No,,No,No,,"EU 2015/2283, 2002/46/EC, EU No 609/2013, EC 1925/2006","2015/2283 : Vitamins, 2015/2283 : molecular structure",,Arcofolin,powder,Positive,,Yes,Yes,No,,No,,yes,no concerns
KN,checking/adjustments done,calcidiol monohydrate,DSM Nutritional Products Ltd.,EFSA-Q-2018-00514,NF 2018/0402,"NF: New dossier, NF: nutrient source","Safety of calcidiol monohydrate produced by chemical
synthesis as a novel food pursuant to Regulation (EU)
2015/2283",25 May 2021,01-07-2021,10.2903/j.efsa.2021.6660,https://efsa.onlinelibrary.wiley.com/doi/10.2903/j.efsa.2021.6660,NDA,"Céline Dumas, Ruth Roldán-Torres, Hans Steinkellner",Yes,No,no,,,Unlikely,yes,25-hydroxycholecalciferol,No,,No,No,,"(EU)
2015/2283",2015/2283 : Vitamins,,"HyD®, Calcifediol, photoconversion HD3 crystal FG, photoconversion 25-OH-D3 crystal FG",powder,Partially negative,Exceedance of HBGV for children of age 3-10 years old.,No,Yes,No,,No,,yes,no concerns
KN,checking/adjustments done,nicotinamide riboside chloride,ChromaDex Inc.,EFSA-Q-2018-00480,NF 2018/0233,"NF: New dossier, NF: nutrient source","Safety of nicotinamide riboside chloride as a novel food pursuant to Regulation (EU) 2015/2283 and bioavailability of nicotinamide from this source, in the context of Directive 2002/46/EC",4 July 2019,07-08-2019,10.2903/j.efsa.2019.5775,https://efsa.onlinelibrary.wiley.com/doi/epdf/10.2903/j.efsa.2019.5775,NDA,"Agnes de Sesmaisons-Lecarre, Andrea Germini",Yes,No,no,36,month(s),Low,yes,nicotinamide riboside,No,,No,No,,"(EU) 2015/2283, Directive 2002/46/EC",2015/2283 : Vitamins,,,powder,Positive,,Yes,Yes,No,,No,,yes,no concerns
MF,done,fresh plants of Wolffia arrhiza and Wolffia globosa,GreenOnyx Ltd.,EFSA-Q-2021-00053,NF 2020/2033,Traditional food,Technical Report on the notification of fresh plants of Wolffia arrhiza and Wolffia globosa as a traditional food from a third country pursuant to Article 14 of Regulation (EU) 2015/2283,18 May 2021,30-06-2021,10.2903/sp.efsa.2021.EN-6658,https://efsa.onlinelibrary.wiley.com/doi/abs/10.2903/sp.efsa.2021.EN-6658,EFSA,,Not specified,No,no,,,N/A,no,,Unknown,,No,Yes,,"(EU)
2015/2283",2015/2283 : plants or their parts,"Khai-nam, eggs of water, water meal, Kai-Pum, Kai-nhae",,whole food,Positive,,No,No,No,,No,,yes,no concerns
MF,done,frozen and freeze-dried formulations of the lessermealworm (Alphitobius diaperinus larva),Proti-Farm Holding NV,EFSA-Q-2018-00282,NF 2018/0125,NF: New dossier,Safety of frozen and freeze-dried formulations of the lesser mealworm (Alphitobius diaperinus larva) as a Novel food pursuant to Regulation (EU) 2015/2283,26 April 2022,04-07-2022,10.2903/j.efsa.2022.7325,https://efsa.onlinelibrary.wiley.com/doi/10.2903/j.efsa.2022.7325,NDA,Ermolaos Ververis,No,Yes,no,,,"Possible primary sensitization, Possible cross-reactivity",yes,manganese,No,,Yes,Yes,,(EU) 2015/2283,2015/2283 : animals or their parts,,,"whole frozen, whole dried, paste, powder",Positive,,No,No,No,,No,FoodEx,yes,no concerns
MF,done,hydrothermally treated kernels from edible Jatropha curcas L. (Chuta),JatroSolutions GmbH,EFSA-Q-2018-00542,NF 2018/0177,NF: New dossier,Safety of hydrothermally treated kernels from edible Jatropha curcas L. (Chuta) as a novel food pursuant to Regulation (EU) 2015/2283,24 November 2021,21-01-2021,10.2903/j.efsa.2022.6998,https://efsa.onlinelibrary.wiley.com/doi/10.2903/j.efsa.2022.6998,NDA,Paolo Colombo,Yes,No,no,1,year(s),"Possible primary sensitization, Possible cross-reactivity",no,,No,,No,Yes,,(EU) 2015/2283,2015/2283 : plants or their parts,"Chuta, Chuta kernel",Chuta (R),whole food,Positive,,Yes,No,No,,No,FoodEx,yes,no concerns
MF,done,tetrahydrocurcuminoids from turmeric (Curcuma longa L.),Sabinsa Europe GmbH,EFSA‐Q‐2020‐00111,NF 2020/1526,NF: New dossier,Safety of tetrahydrocurcuminoids from turmeric (Curcuma longa L.) as a novel food pursuant to Regulation (EU) 2015/2283,27 October 2021,22-12-2021,10.2903/j.efsa.2021.6936,https://efsa.onlinelibrary.wiley.com/doi/10.2903/j.efsa.2021.6936,NDA,"Reinhard Ackerl, Eirini Kouloura",Yes,No,no,60,month(s),Low,no,,No,,No,No,,(EU) 2015/2283,"2015/2283 : plants or their parts, 2015/2283 : molecular structure",tetrahydrocurcuminoids,Curcumin C3 Reduct (R),powder,Partially negative,"From toxicological studies submitted by the applicant, the panel derived a safe level of 2 mg/kg bw per day, which corresponds to 140 mg of the NF per day for the target population. This is lower than the level as proposed by the applicant (300 mg/day).",No,No,No,,No,,yes,no concerns
KN,checking/adjustments done,dried whole cell Euglena gracilis,Kemin Foods L.C,EFSA-Q-2019-00043,NF 2018/0669,NF: New dossier,Safety of dried whole cell Euglena gracilis as a novel food pursuant to Regulation (EU) 2015/228,25 March 2020,14-05-2020,10.2903/j.efsa.2020.6100,https://efsa.onlinelibrary.wiley.com/doi/epdf/10.2903/j.efsa.2020.6100,NDA,Reinhard Ackerl,Yes,No,no,,,Low,no,,No,,No,No,,(EU) 2015/2283,2015/2283 : microorganisms,"dried whole cell Euglena (WCE), dried algae (Euglena gracilis)",BetaVia Complete,whole food,Positive,,No,No,No,,No,FoodEx,,no concerns
KN,checking/adjustments done,iron milk proteinate,Société des Produits Nestlé S.A,EFSA-Q-2020-00492,NF 2020/1866,"NF: New dossier, NF: nutrient source",Safety of iron milk proteinate as a novel food pursuant to Regulation (EU) 2015/2283 and bioavailability of iron from this source in the context of Directive 2002/46/EC,4 August 2022,16-09-2022,10.2903/j.efsa.2022.7549,https://efsa.onlinelibrary.wiley.com/doi/epdf/10.2903/j.efsa.2022.7549,NDA,Reinhard Ackerl,Yes,Yes,no,,,Certainty,yes,iron,No,,Yes,No,,"(EU) 2015/2284, Directive 2002/46/EC",2015/2283 : Vitamins,,"iron-casein-phosphate complex, ferric caseinate, FerriPro",powder,Positive,,No,No,No,,No,FoodEx,no,
KN,needs checking/adjustments after feedback from Irene,vitamin D2 mushroom powder,Monterey Mushrooms Inc.,EFSA-Q-2020-00417,NF 2019/1471,NF: New dossier,Safety of vitamin D2 mushroom powder as a Novel food pursuant to Regulation (EU) 2015/2283 (NF 2019/1471),26 April 2022,10-6-2022,10.2903/j.efsa.2022.7326,https://efsa.onlinelibrary.wiley.com/doi/epdf/10.2903/j.efsa.2022.7326,NDA,"Katerina Gerazova-Efremova, Ruth Roldan-Torres",Not specified,Yes,yes,3,year(s),Possible,yes,vitamin D2,No,,No,No,,(EU) 2015/2283,2015/2283 : microorganisms,,,whole food,Partially negative,"UL for vitamin D2 may be exceeded for infants (if additional supplementation is used), or  general population (if intake from NF is combined with fortified foods and food supplements)",No,Yes,No,,No,FoodEx,no,
MF,done,dried nuts of Canarium amboinense Hochr.,"Kawanasi  Sehat  Dasacatur, PT (Indonesia)",EFSA-Q-2022-00371,NF 2020/1665,Traditional food,Technical Report on the notification of dried nuts of Canarium amboinense Hochr. as a traditional food from a third country pursuant to Article 14 of Regulation (EU) 2015/2283,10 October 2022,11-11-2022,10.2903/sp.efsa.2022.EN-7640,https://efsa.onlinelibrary.wiley.com/doi/10.2903/sp.efsa.2022.EN-7640,EFSA,,Not specified,No,no,,,Possible,yes,manganese,Unknown,,No,No,,(EU) 2015/2283,2015/2283 : plants or their parts,"kenari nuts, galip nut, ngali nut, nangai nut, kunarinattsu, kkeunali neoscheu",,whole food,Positive,,No,No,No,,No,,yes,
MF,done,hot water extract of fruits and peduncles of Hovenia dulcis,Hovenia dulcis AB,EFSA-Q-2018-00279,NF 2018/0328,NF: New dossier,Safety of hot water extract of fruits and peduncles of Hovenia dulcis as a novel food pursuant to Regulation 1(EU) 2015/2283,30 June 2020,28-08-2020,10.2903/j.efsa.2020.6196,https://efsa.onlinelibrary.wiley.com/doi/10.2903/j.efsa.2020.6196,NDA,Wolfgang GELBMANN,Not specified,No,no,,,Unlikely,no,,No,,No,No,,(EU) 2015/2283,2015/2283 : plants or their parts,,,extract,Negative,Proposed specifications are not supported by an appropriate compositional characterisation and by batch testing. Genotoxicity studies provided by the applicant do not comply with EFSA Guidance document. Provided toxicological study reports are not informative for the assessment of the toxicological properties of the NF (test substances are not well characterized).,No,No,No,,No,,yes,inconclusive
MF,done,dihydrocapsiate,Ajinomoto  Co.  Inc.,EFSA-Q-2011-01155,,NF: New dossier,Scientific Opinion on dihydrocapsiate,28 June 2012,17-07-2012,10.2903/j.efsa.2012.2812,https://efsa.onlinelibrary.wiley.com/doi/10.2903/j.efsa.2012.2812,NDA,Wolfgang GELBMANN,Yes,Yes,yes,24,month(s),Unlikely,no,,No,,No,No,,(EC) No 258/97 ,97/618/EC : 1.2,,,liquid,Positive,,No,No,Yes,hepatotoxicity,No,,yes,no concerns
MF,done,apple fruit cell culture biomass,Mibelle Group Biochemistry,EFSA-Q-2020-00488,NF 2020/1621,NF: New dossier,Safety of apple fruit cell culture biomass as a novel food pursuant to Regulation (EU) 2015/2283,24 May 2023,24-07-2023,10.2903/j.efsa.2023.8065,https://efsa.onlinelibrary.wiley.com/doi/10.2903/j.efsa.2023.8065,NDA,Wolfgang GELBMANN,Yes,No,no,,,Possible,no,,No,,No,No,,(EU) 2015/2283,2015/2283 : tissue culture,,,biomass,Positive,,No,No,No,,No,,yes,no concerns
MF,done,synthetic trans‐resveratrol,DSM Nutritional Products Ltd.,EFSA-Q-2014-00232,,NF: New dossier,Safety of synthetic trans‐resveratrol as a novel food pursuant to Regulation (EC) No 258/97,11 December 2015,12-01-2016,10.2903/j.efsa.2016.4368,https://efsa.onlinelibrary.wiley.com/doi/10.2903/j.efsa.2016.4368,NDA,,Yes,No,yes,36,month(s),No concerns,yes,resveratrol,No,,No,No,,(EC) No 258/97,97/618/EC : 6,,resVida(R),powder,Positive,,No,No,Yes,nephrotoxicity,No,,yes,no concerns
MF,done,galacto‐oligosaccharides (GOS),"G.K. Roozendaal, GLNP BV",EFSA-Q-2020-00747,NF 2020/1606,NF: Extension of use,Safety of the extension of use of galacto‐oligosaccharides (GOS) as a novel food in food for special medical purposes pursuant to Regulation (EU) 2015/2283,28 February 2022,30-03-2022,10.2903/j.efsa.2022.7203,https://efsa.onlinelibrary.wiley.com/doi/10.2903/j.efsa.2022.7203,NDA,Paolo COLOMBO,Not specified,No,no,,,Low,yes,"GOS, dietary fibre",No,,No,No,,(EU) 2015/2283,2015/2283 : microorganisms,,"Bimuno(R), Bimuno-GOS, B-GOS",,Positive,,No,No,No,,No,,No new data submitted,
MF,done,Allanblackia seed oil,Unilever Deutschland GmbH,EFSA-Q-2007-059,,NF: New dossier,"Opinion of the Scientific Panel on Dietetic Products, Nutrition and Allergies on a request from the Commission related to the safety of Allanblackia seed oil for use in yellow fat and cream based spreads",25 October 2007,21-12-2007,10.2903/j.efsa.2007.580,https://efsa.onlinelibrary.wiley.com/doi/10.2903/j.efsa.2007.580,NDA,,Not specified,Yes,no,,,Unlikely,no,,Unknown,,No,No,,(EC) No 258/97,97/618/EC : 1.2,,,oil,Positive,,No,No,No,,No,,yes,no concerns
MF,done,Tahitian Noni® ‘Morinda citrifolia (noni) fruit puree and concentrate’,Morinda  Inc.,EFSA-Q-2007-181,,NF: New dossier,Opinion on the safety of Tahitian Noni® ‘Morinda citrifolia (noni) fruit puree and concentrate’ as a novel food ingredient,13 March 2009,03-04-2009,10.2903/j.efsa.2009.998,https://efsa.onlinelibrary.wiley.com/doi/10.2903/j.efsa.2009.998,NDA,,Not specified,No,no,,,Possible,yes,Morinda citrifolia fruit juice,Unknown,,No,No,,(EC) No 258/97,97/618/EC : 2.2,,,"puree, concentrate",Positive,,No,No,Yes,hepatotoxicity,No,,yes,
MF,done,syrup from Sorghum bicolor (L.) Moench,Sorghum Zrt.,EFSA-Q-2018-00342,NF 2018/0267,Traditional food,Technical Report on the notification of syrup from Sorghum bicolor (L.) Moench as a traditional food from a third country pursuant to Article 14 of Regulation (EU) 2015/2283,22 August 2018,25-09-2018,10.2903/sp.efsa.2018.EN-1481,https://efsa.onlinelibrary.wiley.com/doi/10.2903/sp.efsa.2018.EN-1481,EFSA,,Not specified,No,no,,,Unlikely,no,,Unknown,,No,Yes,,(EU) 2015/2283,2015/2283 : plants or their parts,sorghum syrup,,syrup,Positive,,No,No,No,,No,,yes,
MF,done,2’‐fucosyllactose/difucosyllactose mixture,Glycom A/S,EFSA-Q-2018-00374,NF 2018/0401,NF: New dossier,Safety of 2’‐fucosyllactose/difucosyllactose mixture as a novel food pursuant to Regulation (EU) 2015/2283,15 May 2019,11-06-2019,10.2903/j.efsa.2019.5717,https://efsa.onlinelibrary.wiley.com/doi/10.2903/j.efsa.2019.5717,NDA,"Qingqing Sun, Emanuela TURLA",Yes,Yes,no,12,month(s),Low,yes,"2’‐fucosyllactose, difucosyllactose",No,,No,No,,(EU) 2015/2283,"2015/2283 : microorganisms, 2015/2283 : molecular structure",,,powder,Positive,,No,Yes,No,,No,"FAIM, FoodEx",yes,no concerns
KN,Complete (composition shortened),pulp from Theobroma cacao L., CABOSSE Naturals NV (Belgium),EFSA-Q-2019-00395,NF 2019/1014,Traditional food,Technical Report on the notification of pulp from Theobroma cacao L. as a traditional food from a third country pursuant to Article 14 of Regulation (EU) 2015/2283,11 October 2019,06-11-2019,10.2903/sp.efsa.2019.EN-1724,https://efsa.onlinelibrary.wiley.com/doi/10.2903/sp.efsa.2019.EN-1724,EFSA,"Wolfgang GELBMANN, Emanuela TURLA",Not specified,No,no,,,Unlikely,no,,No,,No,No,,(EU) 2015/2283,2015/2283 : plants or their parts,cocoa,,"whole food, juice",Positive,,No,No,No,,No,,no,
KN,,dried flowers of Clitoria ternatea L.,"Sensient Technologies Europe GmbH (Germany) and Tsujiko Co., Ltd (Japan)",EFSA-Q-2021-00475,NF 2020/2030,Traditional food,Notification of dried flowers of Clitoria ternatea L. as a traditional food from a third country pursuant to Article 14 of Regulation (EU) 2015/2283,15 December 2021,02-02-2022,10.2903/sp.efsa.2022.EN-7084,https://efsa.onlinelibrary.wiley.com/doi/epdf/10.2903/sp.efsa.2022.EN-7084,EFSA,"Wolfgang GELBMANN, Eirini KOULOURA, Emanuela TURLA",No,No,yes,,,N/A,no,,Unknown,,No,No,,(EU) 2015/2283,2015/2283 : plants or their parts,,,whole food,Negative,"Given the potential exposure to cyclotides resulting from the intended use for the preparation of herbal infusions, and the unknown toxicological profile of the cyclotides present in the TF, EFSA considers that the TF may pose a safety risk to human health",Yes,No,No,,No,FoodEx,,no concerns
LČ,done,d‐ribose,"Bioenergy Lire Science, Inc.",EFSA-Q-2017-00461,,NF: New dossier,Safety of d‐ribose as a novel food pursuant to Regulation (EU) 2015/2283,18 April 2018,31-05-2018,10.2903/j.efsa.2018.5265,https://efsa.onlinelibrary.wiley.com/doi/10.2903/j.efsa.2018.5265,NDA,Andrea GERMINI,Yes,No,no,24,month(s),Low,yes,D-ribose,No,,No,No,,(EU) 2015/2283,2015/2283 : production process,,Bioenergy Ribose,powder,Partially negative,safety in the intended uses and the used levels as proposed by applicant has not been established,No,No,Yes,hypoglycaemia,No,FoodEx,,no concerns
KN,under construction (hazards),decorticated grains of Digitaria exilis (Kippist) Stapf,Obà Food Srl,EFSA-Q-2018-00144,NF 2018/0146,Traditional food,Technical Report on the notification of decorticated grains of Digitaria exilis (Kippist) Stapf as a traditional food from a third country pursuant to Article 14 of Regulation (EU) 2015/2283,26 June 2018,20-07-2018,10.2903/sp.efsa.2018.EN-1443,https://efsa.onlinelibrary.wiley.com/doi/10.2903/sp.efsa.2018.EN-1443,EFSA,"Wolfgang GELBMANN, Emanuela TURLA, Eirini KOULOURA, Ermolaos Ververis",Not specified,No,no,,,N/A,no,,,,,,,(EU) 2015/2283,2015/2283 : plants or their parts,fonio,,decorticated grain,Positive,,Yes,No,No,,Yes,,,
KN,Done,astaxanthin,,EFSA-Q-2018-00247,,,Safety of astaxanthin for its use as a novel food in food supplements,18 December 2019,05-02-2020,10.2903/j.efsa.2020.5993,https://efsa.onlinelibrary.wiley.com/doi/10.2903/j.efsa.2020.5993,NDA,"Reinhard ACKERL, Wolfgang GELBMANN, Hans Steinkellner",Not specified,No,no,,,N/A,yes,astaxanthin,Unknown,,No,No,,"(EU) 2017/2470, (EU) 2015/2283",2015/2283 : Vitamins,,,extract,Partially negative,"The Panel concludes that an intake of 8 mg ATX per day from food supplements is safe for adults even in combination with the high exposure estimate to ATX from the background diet. Adolescents at 14 to < 18 years of age reach the ADI in a combined exposure scenario when 8 mg ATX from food supplements are consumed in combination with high dietary background intake estimates. In such a combined intake scenario of 8 mg ATX from food supplements and high exposure
estimates from the background diet, the ADI is exceeded in children below 14 years of age (from 28% in children aged 10 to < 14 years and up to 524% in infants aged 4–6 months).",No,Yes,No,,No,,,no concerns
KN,Done,taxifolin‐rich extract from Dahurian Larch (Larix gmelinii),Ametis JSC,EFSA-Q-2017-00554,,NF: Extension of use,Statement on the safety of taxifolin‐rich extract from Dahurian Larch (Larix gmelinii),25 October 2017,13-11-2017,10.2903/j.efsa.2017.5059,https://efsa.onlinelibrary.wiley.com/doi/epdf/10.2903/j.efsa.2017.5059,NDA,Wolfgang GELBMANN,Yes,Yes,no,,,N/A,yes,taxifolin,Unknown,,No,No,,EC 258/1997,,,,,Positive,,No,No,No,,No,,,
KN,Done,berries of Lonicera caerulea L.,Soloberry Ltd,EFSA-Q-2018-00145,NF 2018/0197,Traditional food,Technical Report on the notification of berries of Lonicera caerulea L. as a traditional food from a third country pursuant to Article 14 of Regulation (EU) 2015/2283,26 June 2018,20-07-2018,10.2903/sp.efsa.2018.EN-1442,https://efsa.onlinelibrary.wiley.com/doi/10.2903/sp.efsa.2018.EN-1442,EFSA,"Wolfgang GELBMANN, Emanuela TURLA",Not specified,No,no,,,N/A,no,,Unknown,,No,No,,(EU) 2015/2283,2015/2283 : plants or their parts,,,"whole food, whole frozen",Positive,,No,No,No,,No,,,
MF,done,dried yellow mealworm (Tenebrio molitor larva),SAS EAP Group,EFSA-Q-2018-00262,NF 2018/0241,NF: New dossier,Safety of dried yellow mealworm (Tenebrio molitor larva) as a novel food pursuant to Regulation (EU) 2015/2283,24 November 2020,13-01-2021,10.2903/j.efsa.2021.6343,https://efsa.onlinelibrary.wiley.com/doi/10.2903/j.efsa.2021.6343,NDA,Ermolaos VERVERIS,No,Yes,,,,"Possible cross-reactivity, Possible primary sensitization",no,,No,,Yes,Yes,,(EU) 2015/2283,2015/2283 : plants or their parts,"yellow mealworms, mealworms, ver de farine, ténébrion meunier, mealworm meal",,"whole food, powder",Positive,,Yes,Yes,No,,No,FoodEx,yes,no concerns
MF,"Admin ""done""",chia seeds (Salvia hispanica L.),,EFSA-Q-2019-00254,,NF: Extension of use,Safety of chia seeds (Salvia hispanica L.) subject to thermal processing in relation to the formation of process contaminants as a novel food for extended uses,31 August 2020,21-09-2020,10.2903/j.efsa.2020.6243,https://efsa.onlinelibrary.wiley.com/doi/10.2903/j.efsa.2020.6243,NDA,"Wolfgang GELBMANN, Leonard MATIJEVIC, Patricia Romero (?)",,,,,,,,,,,,,,(EU) 2015/2283,,,,,,,,,,,,,,
MF,Admin done,iron hydroxide adipate tartrate, Nemysis Limited,EFSA-Q-2020-00200,NF 2019/1417,"NF: New dossier, NF: nutrient source",Safety of iron hydroxide adipate tartrate as a novel food pursuant to Regulation (EU) 2015/2283 and as a source of iron in the context of Directive 2002/46/EC,27 October 2021,10-12-2021,10.2903/j.efsa.2021.6935,https://efsa.onlinelibrary.wiley.com/doi/10.2903/j.efsa.2021.6935,NDA,Andrea GERMINI,,,,,,,,,,,,,,"(EU) 2015/2283, Directive 2002/46/EC",2015/2283 : animals or their parts,,,,,,,,,,,,,
MF,Admin done,whey basic protein isolate,Armor Proteines S.A.S.,EFSA-Q-2018-00996,NF 2018/0633,NF: Extension of use,Safety of whey basic protein isolate for extended uses in foods for special medical purposes and food supplements for infants pursuant to Regulation (EU) 2015/2283,14 March 2019,09-04-2019,10.2903/j.efsa.2019.5659,https://efsa.onlinelibrary.wiley.com/doi/10.2903/j.efsa.2019.5659,NDA,Mathias Amundsen,,,,,,,,,,,,,,(EU) 2015/2283,,,,,,,,,,,,,,
MF,Admin done,Yarrowia lipolytica yeast biomass,Skotan S.A.,EFSA-Q-2018-00223,NF 2018/0208,NF: New dossier,Safety of Yarrowia lipolytica yeast biomass as a novel food pursuant to Regulation (EU) 2015/2283,17 January 2019,14-02-2019,10.2903/j.efsa.2019.5594,https://efsa.onlinelibrary.wiley.com/doi/10.2903/j.efsa.2019.5594,NDA,Reinhard ACKERL,,,,,,,yes,chromium,No,,No,No,,(EU) 2015/2283,2015/2283 : Vitamins,,,,,,,,,,,,,
MF,Admin done,frozen and dried formulations from whole yellow mealworm (Tenebrio molitor larva),Fair Insects BV (A Protix Company),EFSA-Q-2019-00101,NF 2018/0802,NF: New dossier,Safety of frozen and dried formulations from whole yellow mealworm (Tenebrio molitor larva) as a novel food pursuant to Regulation (EU) 2015/2283,7 July 2021,25-08-2021,10.2903/j.efsa.2021.6778,https://efsa.onlinelibrary.wiley.com/doi/10.2903/j.efsa.2021.6778,NDA,Ermolaos VERVERIS,,,,,,,,,,,,,,(EU) 2015/2283,,,,,,,,,,,,,,
MF,Admin done,bovine milk osteopontin,Arla Foods Ingredients,EFSA-Q-2020-00475,NF 2020/169,NF: New dossier,Safety of bovine milk osteopontin as a Novel food pursuant to Regulation (EU) 2015/2283,26 January 2022,06-05-2022,10.2903/j.efsa.2022.7137,https://efsa.onlinelibrary.wiley.com/doi/10.2903/j.efsa.2022.7137,NDA,Wolfgang GELBMANN,,,,,,,,,,,,,,(EU) 2015/2283,,,,,,,,,,,,,,
MF,Admin done,DHA and EPA‐rich algal oil from Schizochytrium sp.,DSM Nutritional Products,EFSA-Q-2014-00218,,NF: Extension of use,Scientific Opinion on the extension of use for DHA and EPA‐rich algal oil from Schizochytrium sp. as a Novel Food ingredient,18 September 2014,09-10-2014,10.2903/j.efsa.2014.3843,https://efsa.onlinelibrary.wiley.com/doi/10.2903/j.efsa.2014.3843,NDA,,,,,,,,,,,,,,,(EC) No 258/97,,,,,,,,,,,,,,
MF,Admin done,taxifolin‐rich extract from Dahurian Larch (Larix gmelinii),Ametis JSC,EFSA-Q-2012-00961,,NF: New dossier,Scientific Opinion on taxifolin‐rich extract from Dahurian Larch (Larix gmelinii),13 December 2016,14-02-2017,10.2903/j.efsa.2017.4682,https://efsa.onlinelibrary.wiley.com/doi/10.2903/j.efsa.2017.4682,NDA,Wolfgang GELBMANN,,,,,,,,,,,,,,(EC) No 258/97,,,,,,,,,,,,,,
MF,Admin done,whole seeds of oilseed rape (Brassica napus L emend. Metzg.),Erik Tybirk,EFSA-Q-2019-00033,NF 2018/0590,NF: New dossier,Safety of whole seeds of oilseed rape (Brassica napus L emend. Metzg.) as a novel food pursuant to Regulation (EU) 2015/2283,24 November 2022,12-01-2023,10.2903/j.efsa.2023.7706,https://efsa.onlinelibrary.wiley.com/doi/full/10.2903/j.efsa.2023.7706,NDA,Antonio Fernandez Dumont,,,,,,,,,,,,,,(EU) 2015/2283,2015/2283 : animals or their parts,,,,,,,,,,,,,
LČ,done,nuts of Canarium ovatum Engl.,DOMENICODELUCIA SPA (Italy),EFSA-Q-2021-00757,NF 2019/0925,Traditional food,Technical Report on the notification of nuts of Canarium ovatum Engl. as a traditional food from a third country pursuant to Article 14 of Regulation (EU) 2015/2283,06 April 2022,13-05-2022,10.2903/sp.efsa.2022.EN-7314,https://efsa.onlinelibrary.wiley.com/doi/10.2903/sp.efsa.2022.EN-7314,EFSA,"Wolfgang GELBMANN, Eirini KOULOURA, Emanuela TURLA",Not specified,,,,,Possible,no,,Unknown,,,No,,(EU) 2015/2284,2015/2283 : plants or their parts,pilinuts (pili nuts or Philippine nuts),,whole food,Positive,,No,No,No,,,,no,
KN,done,chromium‐enriched biomass of Yarrowia lipolytica,Skotan S.A,EFSA-Q-2018-00769,NF 2018/0556,NF: New dossier,Safety of chromium‐enriched biomass of Yarrowia lipolytica as a novel food pursuant to Regulation (EU) 2015/2283,23 January 2020,06-03-2020,10.2903/j.efsa.2020.6005,https://efsa.onlinelibrary.wiley.com/doi/10.2903/j.efsa.2020.6005,NDA,Reinhard ACKERL,Yes,No,no,12,month(s),Low,,,,,,,,(EU) 2015/2283,2015/2283 : microorganisms,,,biomass,Positive,,No,No,No,,No,,no,
,,plant sterol esters,Unilever Research and Development Vlaardingen B.V (now Upfield Research and Development B.V.),EFSA-Q-2014-00865,,NF: Extension of use,Safety of the extension of use of plant sterol esters as a novel food pursuant to Regulation (EU) 2015/2283,5 May 2020,30-06-2020,10.2903/j.efsa.2020.6135,,NDA,Wolfgang GELBMANN,,,,,,,,,,,,,,(EU) 2015/2283,2015/2283 : plants or their parts,,,,,,,,,,,,,
KN,under construction,proline‐specific oligopeptidase,DSM Food Specialties,EFSA-Q-2015-00763,,NF: New dossier,Safety of proline‐specific oligopeptidase as a novel food pursuant to Regulation (EC) No 258/97,13 December 2016,15-02-2017,10.2903/j.efsa.2017.4681,https://www.efsa.europa.eu/en/efsajournal/pub/4681,NDA,Wolfgang GELBMANN,,,,,,,,,,,,,,(EC) No 258/97,,,,,,,,,,,,,,
,,leaves from Morinda citrifolia L.,,EFSA-Q-2006-185,,NF: New dossier,"Safety of ‘leaves from Morinda citrifolia L.’ ‐ Scientific Opinion of the Panel on Dietetic Products, Nutrition and Allergies",10 July 2008,11-08-2008,10.2903/j.efsa.2008.769,,NDA,,,,,,,,,,,,,,,,2015/2283 : Vitamins,,,,,,,,,,,,,
,,viable embryonated eggs of the whipworm Trichuris suis,Enteron Science GmbH,EFSA-Q-2018-00596,,NF: New dossier?,Safety of viable embryonated eggs of the whipworm Trichuris suis as a novel food pursuant to Regulation (EU) 2015/2283,2 July 2019,01-08-2019,10.2903/j.efsa.2019.5777,,NDA,"Antonio DUMONT, Antonio FERNANDEZ, Wolfgang GELBMANN",,,,,,,,,,,,,,,2015/2283 : microorganisms,,,,,,,,,,,,,
,,zinc l‐carnosine,,EFSA-Q-2020-00263,,"NF: New dossier, NF: nutrient source",Safety of zinc l‐carnosine as a Novel food pursuant to Regulation (EU) 2015/2283 and the bioavailability of zinc from this source in the context of Directive 2002/46/EC on food supplements,29 April 2022,10-06-2022,10.2903/j.efsa.2022.7332,,NDA,Ruth ROLDAN TORRES,,,,,,,,,,,,,,,,,,,,,,,,,,,,
,,oil from Schizochytrium sp. (strain CABIO‐A‐2) for use in infant and follow‐on formula,,EFSA-Q-2021-00168,,NF: New dossier?,Safety of oil from Schizochytrium sp. (strain CABIO‐A‐2) for use in infant and follow‐on formula as a novel food pursuant to Regulation (EU) 2015/2283,26 October 2023,06-12-2023,10.2903/j.efsa.2023.8415,,NDA,Emanuela TURLA,,,,,,,,,,,,,,,97/618/EC : 5.2,,,,,,,,,,,,,
,,botanical extract derived from Panax notoginseng and Astragalus membranaceus (AstraGin™),NuLiv Science,EFSA-Q-2018-00557,,NF: New dossier?,Safety of a botanical extract derived from Panax notoginseng and Astragalus membranaceus (AstraGin™) as a novel food pursuant to Regulation (EU) 2015/2283,24 March 2020,13-05-2020,10.2903/j.efsa.2020.6099,,NDA,Reinhard ACKERL,,,,,,,,,,,,,,,97/618/EC : 2.2,,,,,,,,,,,,,
,,pyrroloquinoline quinone disodium salt,"Mitsubishi Gas Chemical Company, Inc.",EFSA-Q-2016-00659,,NF: New dossier?,Safety of pyrroloquinoline quinone disodium salt as a novel food pursuant to Regulation (EC) No 258/97,24 October 2017,20-11-2017,10.2903/j.efsa.2017.5058,,NDA,Agnès DE SESMAISONS,,,,,,,,,,,,,,,2015/2283 : animals or their parts,,,,,,,,,,,,,
,,powder or juice concentrate of berries of Aristotelia chilensis,,EFSA-Q-2019-00203,,Traditional food,Technical Report on the notification of powder or juice concentrate of berries of Aristotelia chilensis as a traditional food from a third country pursuant to Article 14 of Regulation (EU) 2015/2283,,16-09-2019,10.2903/sp.efsa.2019.EN-1685,,EFSA,"Wolfgang GELBMANN, Emanuela TURLA",,,,,,,,,,,,,,,"2015/2283 : Vitamins, 2015/2283 : molecular structure",,,,,,,,,,,,,
,,3‐FL (3‐Fucosyllactose),DuPont Nutrition & Biosciences ApS,EFSA-Q-2019-00666,,NF: New dossier?,Safety of 3‐FL (3‐Fucosyllactose) as a novel food pursuant to Regulation (EU) 2015/2283,25 May 2021,30-06-2021,10.2903/j.efsa.2021.6662,,NDA,Paolo COLOMBO,,,,,,,,,,,,,,,2015/2283 : microorganisms,,,,,,,,,,,,,
,,partially defatted house cricket (Acheta domesticus) powder,"Cricket One Co., Ltd,",EFSA-Q-2019-00589,,NF: New dossier?,Safety of partially defatted house cricket (Acheta domesticus) powder as a novel food pursuant to Regulation (EU) 2015/2283,23 March 2022,13-05-2022,10.2903/j.efsa.2022.7258,,NDA,Domenico AZZOLLINI,,,,,,,,,,,,,,,2015/2283 : plants or their parts,,,,,,,,,,,,,
,,freeze‐dried mycelia of Antrodia camphorata,Golden Biotechnology Corp' (Taiwan),EFSA-Q-2019-00759,,NF: New dossier?,Safety of freeze‐dried mycelia of Antrodia camphorata as a novel food pursuant to regulation (EU) 2015/2283,18 May 2022,29-06-2022,10.2903/j.efsa.2022.7380,,NDA,Emanuela TURLA,,,,,,,,,,,,,,,97/618/EC : 1.2,,,,,,,,,,,,,
,,conjugated linoleic acid (CLA)‐rich oil (Tonalin® TG 80),,EFSA-Q-2009-00750,,NF: New dossier?,Scientific Opinion on the safety of “conjugated linoleic acid (CLA)‐rich oil” (Tonalin® TG 80) as a Novel Food ingredient,30 April 2010,21-05-2010,10.2903/j.efsa.2010.1600,,NDA,,,,,,,,,,,,,,,,,,,,,,,,,,,,,
,,Ice Structuring Protein (ISP),,EFSA-Q-2008-073,,NF: New dossier?,"Safety of ‘Ice Structuring Protein (ISP) ‐ Scientific Opinion of the Panel on Dietetic Products, Nutrition and Allergies and of the Panel on Genetically Modified Organisms",9 July 2008,08-08-2008,10.2903/j.efsa.2008.768,,"NDA, GMO",,,,,,,,,,,,,,,,"2015/2283 : microorganisms, 2015/2283 : molecular structure",,,,,,,,,,,,,
,,maize‐germ oil high in unsaponifiable matter,Expanscience (formerly Pharmascience),EFSA-Q-2004-013Aa,,NF: New dossier?,"Opinion of the Scientific Panel on Dietetic Products, Nutrition and Allergies on a request from the Commission related to maize‐germ oil high in unsaponifiable matter as a novel food ingredient",6 December 2005,12-01-2006,10.2903/j.efsa.2006.303,,NDA,,,,,,,,,,,,,,,,2015/2283 : animals or their parts,,,,,,,,,,,,,
,,Lentinus edodes extract (Lentinex®),,EFSA-Q-2009-00833,,NF: New dossier?,Scientific Opinion on the safety of ”Lentinus edodes extract” (Lentinex®) as a Novel Food ingredient,9 July 2010,30-07-2010,10.2903/j.efsa.2010.1685,,NDA,,,,,,,,,,,,,,,,2015/2283 : tissue culture,,,,,,,,,,,,,
,,2′‐fucosyllactose (2’‐FL) produced by derivative strain (Escherichia coli SGR5) of E. coli W (ATCC 9637),"Kyowa Hakko Bio Co., Ltd.",EFSA-Q-2021-00407,,NF: New dossier?,Safety of 2′‐fucosyllactose (2’‐FL) produced by a derivative strain (Escherichia coli SGR5) of E. coli W (ATCC 9637) as a Novel Food pursuant to Regulation (EU) 2015/2283,26 September 2023,14-11-2023,10.2903/j.efsa.2023.8333,,NDA,"Paolo COLOMBO, Estefania NORIEGA, Estefania FERNANDEZ",,,,,,,,,,,,,,,97/618/EC : 2.1,,,,,,,,,,,,,
,,pasteurised Akkermansia muciniphila,A-Mansia Biotech S.A.,EFSA-Q-2019-00767,NF 2019/1366,NF: New dossier?,Safety of pasteurised Akkermansia muciniphila as a novel food pursuant to Regulation (EU) 2015/2283,7 July 2021,01-09-2021,10.2903/j.efsa.2021.6780,,NDA,Reinhard ACKERL,,,,,,,,,,,,,,,2015/2283 : microorganisms,,,,,,,,,,,,,
,,synthetic zeaxanthin,,EFSA-Q-2012-00418,,NF: New dossier?,Statement on the safety of synthetic zeaxanthin as an ingredient in food supplements,13 September 2012,04-10-2012,10.2903/j.efsa.2012.2891,,NDA,,,,,,,,,,,,,,,,,,,,,,,,,,,,,
,,infusion from coffee leaves (Coffea arabica L. and/or Coffea canephora Pierre ex A. Froehner),AM Breweries ,EFSA-Q-2019-00594,NF 2018/0740,Traditional food,Technical Report on the notification of infusion from coffee leaves (Coffea arabica L. and/or Coffea canephora Pierre ex A. Froehner) as a traditional food from a third country pursuant to Article 14 of Regulation (EU) 2015/2283,8 January 2020,03-02-2020,10.2903/sp.efsa.2020.EN-1783,,EFSA,,,,,,,,,,,,,,,,,,,,,,,,,,,,,
,,Allanblackia seed oil,Unilever NV/Unilever PLC,EFSA-Q-2018-00226,,NF: Extension of use,Safety of Allanblackia seed oil for extended uses in vegetable oils and milk and in yellow fat and cream‐based spreads up to 30% (w/w),27 June 2018,03-08-2018,10.2903/j.efsa.2018.5362,,NDA,Wolfgang GELBMANN,,,,,,,,,,,,,,,,,,,,,,,,,,,,
,, Wolffia globosa powder , 'Hinoman' ,EFSA-Q-2019-00695,,NF: New dossier?,Safety of Wolffia globosa powder as a Novel food pursuant to Regulation (EU) 2015/2283,27 October 2021,22-12-2021,10.2903/j.efsa.2021.6938,,NDA,Eirini KOULOURA,,,,,,,,,,,,,,,2015/2283 : plants or their parts,,,,,,,,,,,,,
,, synthetic Zeaxanthin as an ingredient in food supplements’, Bioresco on behalf of DSM Nutritional Products ,EFSA-Q-2007-078,,NF: New dossier?,"Safety of ‘synthetic Zeaxanthin as an ingredient in food supplements’ ‐ Scientific Opinion of the Panel on Dietetic Products, Nutrition and Allergies",24 April 2008,25-06-2008,10.2903/j.efsa.2008.728,,NDA,,,,,,,,,,,,,,,,97/618/EC : 6,,,,,,,,,,,,,
,, synthetic l‐ergothioneine (Ergoneine®) ,,EFSA-Q-2015-00613,,NF: New dossier?,Safety of synthetic l‐ergothioneine (Ergoneine®) as a novel food pursuant to Regulation (EC) No 258/97,26 October 2016,18-11-2016,10.2903/j.efsa.2016.4629,,NDA,Reinhard ACKERL,,,,,,,,,,,,,,,97/618/EC : 1.2,,,,,,,,,,,,,
,, 6′‐sialyllactose (6’‐SL) sodium salt produced by derivative strains of Escherichia coli BL21 (DE3) , Chr.Hansen A/S ,EFSA-Q-2020-00623,,NF: New dossier?,Safety of 6′‐sialyllactose (6’‐SL) sodium salt produced by derivative strains of Escherichia coli BL21 (DE3) as a novel food pursuant to Regulation (EU) 2015/2283,26 October 2022,07-12-2022,10.2903/j.efsa.2022.7645,,NDA,"Paolo COLOMBO, Estefania NORIEGA, Estefania FERNANDEZ",,,,,,,,,,,,,,,"2015/2283 : microorganisms, 2015/2283 : molecular structure",,,,,,,,,,,,,
,, lacto‐N‐neotetraose , Glycom A/S ,EFSA-Q-2014-00862,,NF: New dossier?,Safety of lacto‐N‐neotetraose as a novel food ingredient pursuant to Regulation (EC) No 258/97,29 June 2015,20-07-2015,10.2903/j.efsa.2015.4183,,NDA,,,,,,,,,,,,,,,,97/618/EC : 1.2,,,,,,,,,,,,,
,, astaxanthin‐rich ingredients (AstaREAL A1010 and AstaREAL L10) , BioReal (Sweden) AB ,EFSA-Q-2011-00990,,NF: New dossier?,Scientific Opinion on the safety of astaxanthin‐rich ingredients (AstaREAL A1010 and AstaREAL L10) as novel food ingredients,25 June 2014,15-07-2014,10.2903/j.efsa.2014.3757,,NDA,,,,,,,,,,,,,,,,97/618/EC : 2.1,,,,,,,,,,,,,
,, Ecklonia cava phlorotannins ," Botamedi Inc., Korea, ",EFSA-Q-2016-00518,,NF: New dossier?,Safety of Ecklonia cava phlorotannins as a novel food pursuant to Regulation (EC) No 258/97,20 September 2017,16-10-2017,10.2903/j.efsa.2017.5003,,NDA,Reinhard ACKERL,,,,,,,,,,,,,,,,,,,,,,,,,,,,
,, EstroG‐100™ ," Naturalendo Tech Co., Ltd ",EFSA-Q-2015-00249,,NF: New dossier?,Safety of EstroG‐100™ as a novel food pursuant to Regulation (EC) No 258/97,21 September 2016,24-10-2016,10.2903/j.efsa.2016.4589,,NDA,Emanuela TURLA,,,,,,,,,,,,,,,97/618/EC : 2.2,,,,,,,,,,,,,
,, bovine lactoferrin," Morinaga Milk Industry Co., Ltd.",EFSA-Q-2011-00974,,NF: New dossier?,Scientific Opinion on bovine lactoferrin,28 June 2012,17-07-2012,10.2903/j.efsa.2012.2811,,NDA,,,,,,,,,,,,,,,,97/618/EC : 2.1,,,,,,,,,,,,,
,,apeseed oil high in unsaponifiable matter, Expanscience (formerly Pharmascience) ,EFSA-Q-2004-013,,NF: New dossier?,"Opinion of the Scientific Panel on Dietetic products, nutrition and allergies [NDA] related to rapeseed oil high in unsaponifiable matter as a novel food ingredient",6 December 2005,12-01-2006,10.2903/j.efsa.2006.304,,NDA,,,,,,,,,,,,,,,,,,,,,,,,,,,,,
,, rapeseed powder from Brassica rapa L. and Brassica napus L. , Avena Nordic Grain Oy ,EFSA-Q-2019-00213,,NF: New dossier?,Safety of rapeseed powder from Brassica rapa L. and Brassica napus L. as a Novel food pursuant to Regulation (EU) 2015/2283,30 June 2020,30-07-2020,10.2903/j.efsa.2020.6197,,NDA,Antonio DUMONT,,,,,,,,,,,,,,,2015/2283 : plants or their parts,,,,,,,,,,,,,
,, synthetic N‐acetyl‐d‐neuraminic acid , Glycom A/S ,EFSA-Q-2016-00488,,NF: New dossier?,Safety of synthetic N‐acetyl‐d‐neuraminic acid as a novel food pursuant to Regulation (EC) No 258/97,28 June 2017,25-07-2017,10.2903/j.efsa.2017.4918,,NDA,Emanuela TURLA,,,,,,,,,,,,,,,97/618/EC : 1.2,,,,,,,,,,,,,
,, cherry pulp from Coffea arabica L. and Coffea canephora Pierre ex A. Froehner ,,EFSA-Q-2021-00004,,Traditional food,Technical Report on the notification of cherry pulp from Coffea arabica L. and Coffea canephora Pierre ex A. Froehner as a traditional food from a third country following Article 14 of Regulation (EU) 2015/2283,,27-05-2021,10.2903/sp.efsa.2021.EN-6657,,EFSA,"Wolfgang GELBMANN, Eirini KOULOURA, Emanuela TURLA",,,,,,,,,,,,,,,,,,,,,,,,,,,,
,, partially defatted chia seed (Salvia hispanica L.) powder with high fibre content ," Functional Products Trading Arica S.A./BENEXIA, Chile, ",EFSA-Q-2021-00551,,NF: Extension of use,Safety of the extension of use of partially defatted chia seed (Salvia hispanica L.) powder with a high fibre content as a novel food pursuant to Regulation (EU) 2015/2283,27 February 2023,20-04-2023,10.2903/j.efsa.2023.7904,,NDA,"Wolfgang GELBMANN, Ruth ROLDAN TORRES",,,,,,,,,,,,,,,2015/2283 : plants or their parts,,,,,,,,,,,,,
,, water extract of Cistanche tubulosa stems ," Sinphar Tian-Li Pharmaceutical Co., Ltd.",EFSA-Q-2019-00812,,NF: New dossier?,Safety of water extract of Cistanche tubulosa stems as a Novel food pursuant to Regulation (EU) 2015/2283,24 November 2020,15-01-2021,10.2903/j.efsa.2021.6346,,NDA,Wolfgang GELBMANN,,,,,,,,,,,,,,,,,,,,,,,,,,,,
,, nicotinamide riboside chloride , ChromaDex Inc. ,EFSA-Q-2020-00289,,NF: Extension of use,Extension of use of nicotinamide riboside chloride as a novel food pursuant to Regulation (EU) 2015/2283,14 September 2021,12-11-2021,10.2903/j.efsa.2021.6843,,NDA,"Océane ALBERT, Agnès DE SESMAISONS",,,,,,,,,,,,,,,,,,,,,,,,,,,,
,, paramylon ,,EFSA-Q-2019-00593,,NF: New dossier?,Safety of paramylon as a novel food pursuant to Regulation (EU) 2015/2283,28 March 2023,26-05-2023,10.2903/j.efsa.2023.7995,,NDA,Reinhard ACKERL,,,,,,,,,,,,,,,2015/2283 : microorganisms,,,,,,,,,,,,,
,, betaine ,,EFSA-Q-2018-00997,,NF: New dossier?,Safety of betaine as a novel food pursuant to Regulation (EU) 2015/2283,14 March 2019,05-04-2019,10.2903/j.efsa.2019.5658,,NDA,Emanuela TURLA,,,,,,,,,,,,,,,,,,,,,,,,,,,,
,, lycopene oleoresin from tomatoes , Barry Ottaway & Associates Ltd. ,EFSA-Q-2006-186,,NF: New dossier?,"Safety of lycopene oleoresin from tomatoes ‐ Scientific Opinion of the Panel on Scientific Panel on Dietetic Products, Nutrition and Allergies",24 April 2008,30-04-2008,10.2903/j.efsa.2008.675,,NDA,,,,,,,,,,,,,,,,97/618/EC : 2.1,,,,,,,,,,,,,
,, 3′‐sialyllactose (3′‐SL) sodium salt produced by derivative strain (Escherichia coli NEO3) of E. coli W (ATCC 9637) ," Kyowa Hakko Bio Co., Ltd.",EFSA-Q-2021-00445,,NF: New dossier?,Safety of 3′‐sialyllactose (3′‐SL) sodium salt produced by a derivative strain (Escherichia coli NEO3) of E. coli W (ATCC 9637) as a Novel Food pursuant to Regulation (EU) 2015/2283,3 August 2023,21-09-2023,10.2903/j.efsa.2023.8224,,NDA,"Paolo COLOMBO, Estefania NORIEGA, Estefania FERNANDEZ",,,,,,,,,,,,,,,"2015/2283 : microorganisms, 2015/2283 : molecular structure",,,,,,,,,,,,,
,, lacto‐N‐tetraose (LNT) produced by derivative strains of Escherichia coli BL21 (DE3) , Chr.Hansen A/S ,EFSA-Q-2020-00630,,NF: New dossier?,Safety of lacto‐N‐tetraose (LNT) produced by derivative strains of Escherichia coli BL21 (DE3) as a Novel Food pursuant to Regulation (EU) 2015/2283,23 March 2022,16-05-2022,10.2903/j.efsa.2022.7242,,NDA,"Paolo COLOMBO, Estefania NORIEGA, Estefania FERNANDEZ",,,,,,,,,,,,,,,"2015/2283 : microorganisms, 2015/2283 : molecular structure",,,,,,,,,,,,,
,, change in the conditions of use of galacto‐oligosaccharides ," Yakult Pharmaceutical Industry Co., Ltd.",EFSA-Q-2020-00211,,NF: New dossier?,Safety of a change in the conditions of use of galacto‐oligosaccharides as a novel food ingredient in food supplements pursuant to Regulation (EU) 2015/2283,17 December 2020,27-01-2021,10.2903/j.efsa.2021.6384,,NDA,Paolo COLOMBO,,,,,,,,,,,,,,,"2015/2283 : microorganisms, 2015/2283 : molecular structure",,,,,,,,,,,,,
,, Rooster Combs Extract,,EFSA-Q-2012-00613,,NF: New dossier?,Scientific Opinion on Rooster Combs Extract,31 May 2013,21-06-2013,10.2903/j.efsa.2013.3260,,NDA,,,,,,,,,,,,,,,,97/618/EC : 2.1,,,,,,,,,,,,,
,, glucosamine for patients receiving coumarin anticoagulants,,EFSA-Q-2011-00770,,NF: New dossier?,Statement on the safety of glucosamine for patients receiving coumarin anticoagulants,25 November 2011,08-12-2011,10.2903/j.efsa.2011.2473,,NDA,,,,,,,,,,,,,,,,,,,,,,,,,,,,,
,, Yarrowia lipolytica yeast biomass ,,EFSA-Q-2020-00491,,NF: Extension of use,Safety of an extension of use of Yarrowia lipolytica yeast biomass as a novel food pursuant to Regulation (EU) 2015/2283,26 October 2023,29-11-2023,10.2903/j.efsa.2023.8416,,NDA,Reinhard ACKERL,,,,,,,,,,,,,,,,,,,,,,,,,,,,
,, oil from Schizochytrium limacinum (strain FCC‐3204) for use in infant and follow‐on formula , Fermentalg ,EFSA-Q-2019-00187,,NF: New dossier?,Safety of oil from Schizochytrium limacinum (strain FCC‐3204) for use in infant and follow‐on formula as a novel food pursuant to Regulation (EU) 2015/2283,24 November 2020,19-01-2021,10.2903/j.efsa.2021.6344,,NDA,Emanuela TURLA,,,,,,,,,,,,,,,2015/2283 : microorganisms,,,,,,,,,,,,,
,, heat‐killed Mycobacterium setense manresensis ," Nutraveris/Laboratorio Reig Jofre, S.A. ",EFSA-Q-2018-00278,,NF: New dossier?,Safety of heat‐killed Mycobacterium setense manresensis as a novel food pursuant to Regulation (EU) 2015/2283,19 September 2019,11-11-2019,10.2903/j.efsa.2019.5824,,NDA,"Qingqing Sun, Wolfgang GELBMANN",,,,,,,,,,,,,,,,,,,,,,,,,,,,
,, Schizochytrium sp. oil , Progress Biotech bv ,EFSA-Q-2019-00306,,NF: New dossier?,Safety of Schizochytrium sp. oil as a novel food pursuant to Regulation (EU) 2015/2283(a),31 August 2020,19-10-2020,10.2903/j.efsa.2020.6242,,NDA,Lucien FERREIRA,,,,,,,,,,,,,,,2015/2283 : microorganisms,,,,,,,,,,,,,
,, heat‐treated milk products fermented with Bacteroides xylanisolvens DSM 23964, Avitop GmbH ,EFSA-Q-2014-00295,,NF: New dossier?,Scientific Opinion on the safety of ‘heat‐treated milk products fermented with Bacteroides xylanisolvens DSM 23964’ as a novel food,10 December 2014,09-01-2015,10.2903/j.efsa.2015.3956,,NDA,,,,,,,,,,,,,,,,97/618/EC : 2.2,,,,,,,,,,,,,
,, ‘Cetyl Myristoleate Complex’ as an ingredient in food supplements,,EFSA-Q-2012-00649,,NF: New dossier?,Statement on the safety of ‘Cetyl Myristoleate Complex’ as an ingredient in food supplements,31 May 2013,21-06-2013,10.2903/j.efsa.2013.3261,,NDA,,,,,,,,,,,,,,,,,,,,,,,,,,,,,
,, betaine ,,EFSA-Q-2016-00287,,NF: New dossier?,Safety of betaine as a novel food pursuant to Regulation (EC) No 258/97,25 October 2017,17-11-2017,10.2903/j.efsa.2017.5057,,NDA,Emanuela TURLA,,,,,,,,,,,,,,,97/618/EC : 1.1,,,,,,,,,,,,,
,," ‘Glavonoid®’, an extract derived from the roots or rootstock of Glycyrrhiza glabra L., ",,EFSA-Q-2009-00749,,NF: New dossier?,"Scientific Opinion on the safety of ‘Glavonoid®’, an extract derived from the roots or rootstock of Glycyrrhiza glabra L., as a Novel Food ingredient",30 June 2011,21-07-2011,10.2903/j.efsa.2011.2287,,NDA,,,,,,,,,,,,,,,,97/618/EC : 2.1,,,,,,,,,,,,,
,, UV‐treated milk , Dairy Crest Ltd. ,EFSA-Q-2015-00132,,NF: New dossier?,Safety of UV‐treated milk as a novel food pursuant to Regulation (EC) No 258/97,10 December 2015,11-01-2016,10.2903/j.efsa.2016.4370,,NDA,,,,,,,,,,,,,,,,97/618/EC : 6,,,,,,,,,,,,,
,, xuta (edible variety of Jatropha curcas L.) roasted and ground seed kernels ,,EFSA-Q-2021-00584,,Traditional food,Technical Report on the notification of xuta (edible variety of Jatropha curcas L.) roasted and ground seed kernels as a traditional food from a third country pursuant to Article 14 of Regulation (EU) 2015/2283,,08-03-2022,10.2903/sp.efsa.2022.EN-7197,,EFSA,"Wolfgang GELBMANN, Eirini KOULOURA, Emanuela TURLA, Paolo COLOMBO",,,,,,,,,,,,,,,,,,,,,,,,,,,,
,, chia seeds (Salvia hispanica L.) , Sanchis Mira S.A. ,"EFSA-Q-2018-00224,EFSA-Q-2018-00344,EFSA-Q-2018-00681,EFSA-Q-2018-00682,EFSA-Q-2018-00683,EFSA-Q-2018-00684,EFSA-Q-2018-00686",,NF: Extension of use,Safety of chia seeds (Salvia hispanica L.) as a novel food for extended uses pursuant to Regulation (EU) 2015/2283,14 March 2019,17-04-2019,10.2903/j.efsa.2019.5657,,NDA,"Wolfgang GELBMANN, Leonard MATIJEVIC",,,,,,,,,,,,,,,,,,,,,,,,,,,,
,, citicoline, Kyowa Hakko Europe GmbH ,EFSA-Q-2013-00080,,NF: New dossier?,Scientific Opinion on the safety of “citicoline” as a Novel Food ingredient,10 October 2013,24-10-2013,10.2903/j.efsa.2013.3421,,NDA,,,,,,,,,,,,,,,,97/618/EC : 1.1,,,,,,,,,,,,,
,, lacto‐N‐tetraose (LNT) , Glycom A/S ,EFSA-Q-2018-00589,,NF: New dossier?,Safety of lacto‐N‐tetraose (LNT) as a novel food pursuant to Regulation (EU) 2015/2283,30 October 2019,03-12-2019,10.2903/j.efsa.2019.5907,,NDA,Paolo COLOMBO,,,,,,,,,,,,,,,"2015/2283 : microorganisms, 2015/2283 : molecular structure",,,,,,,,,,,,,
,, partially hydrolysed protein from spent barley (Hordeum vulgare) and rice (Oryza sativa) ," Evergrain, LLC ",EFSA-Q-2020-00806,,NF: New dossier?,Safety of partially hydrolysed protein from spent barley (Hordeum vulgare) and rice (Oryza sativa) as a novel food pursuant to Regulation (EU) 2015/2283,24 May 2023,01-09-2023,10.2903/j.efsa.2023.8064,,NDA,"Panagiota Zakidou, Vania MENDES, Ermolaos VERVERIS",,,,,,,,,,,,,,,2015/2283 : plants or their parts,,,,,,,,,,,,,
,, Beta‐lactoglobulin , Arla Foods Ingredients Group P/S ,EFSA-Q-2020-00538,,NF: New dossier?,Safety of Beta‐lactoglobulin as a Novel food pursuant to Regulation (EU) 2015/2283,28 February 2022,08-04-2022,10.2903/j.efsa.2022.7204,,NDA,"Antonio DUMONT, Antonio FERNANDEZ, Estefania NORIEGA, Estefania FERNANDEZ",,,,,,,,,,,,,,,2015/2283 : animals or their parts,,,,,,,,,,,,,
,, rapeseed protein isolate," Helm AG, ",EFSA-Q-2013-00231,,NF: New dossier?,Scientific Opinion on the safety of “rapeseed protein isolate” as a Novel Food ingredient,10 October 2013,25-10-2013,10.2903/j.efsa.2013.3420,,NDA,,,,,,,,,,,,,,,,97/618/EC : 2.1,,,,,,,,,,,,,
,, water lentil powder from Lemnaceae , Parabel Ltd ,EFSA-Q-2018-00995,,NF: New dossier?,Safety of water lentil powder from Lemnaceae as a Novel Food pursuant to Regulation (EU) 2015/2283,14 September 2021,15-11-2021,10.2903/j.efsa.2021.6845,,NDA,Eirini KOULOURA,,,,,,,,,,,,,,,2015/2283 : plants or their parts,,,,,,,,,,,,,
,, an ethanolic extract of the dried biomass of the microalga Phaeodactylum tricornutum , Microphyt ,EFSA-Q-2019-00091,,NF: New dossier?,Safety of an ethanolic extract of the dried biomass of the microalga Phaeodactylum tricornutum as a novel food pursuant to Regulation (EU) 2015/2283,24 May 2023,12-07-2023,10.2903/j.efsa.2023.8072,,NDA,"Alejandra Muñoz Gonzalez, Annamaria ROSSI, Ermolaos VERVERIS",,,,,,,,,,,,,,,,,,,,,,,,,,,,
,, Chia seeds (Salvia hispanica L.) and ground whole Chia seeds’,,EFSA-Q-2008-008,,NF: New dossier?,Opinion on the safety of ‘Chia seeds (Salvia hispanica L.) and ground whole Chia seeds’ as a food ingredient,13 March 2009,03-04-2009,10.2903/j.efsa.2009.996,,EFSA,,,,,,,,,,,,,,,,"97/618/EC : 2.2, 258/1997 : plants",,,,,,,,,,,,,
,, sardine Peptide Product, Cantox on behalf of the ,EFSA-Q-2009-00766,,NF: New dossier?,Scientific Opinion on the safety of ‘sardine Peptide Product’,9 July 2010,30-07-2010,10.2903/j.efsa.2010.1684,,NDA,,,,,,,,,,,,,,,,97/618/EC : 2.1,,,,,,,,,,,,,
,, fungal oil from Mortierella alpina, Suntory Ltd. (represented by Abbott International Division until June 2004) ,EFSA-Q-2007-123,,NF: New dossier?,"Safety of ‘fungal oil from Mortierella alpina’ ‐ Scientific Opinion of the Panel on Dietetic Products, Nutrition and Allergies",10 July 2008,11-08-2008,10.2903/j.efsa.2008.770,,NDA,,,,,,,,,,,,,,,,97/618/EC : 2.1,,,,,,,,,,,,,
,,Vitamin K2,,"EFSA-Q-2005-179,EFSA-Q-2007-079",,NF: nutrient source,"Vitamin K2 added for nutritional purposes in foods for particular nutritional uses, food supplements and foods intended for the general population and Vitamin K2 as a source of vitamin K added for nutritional purposes to foodstuffs, in the context of Regulation (EC) N° 258/97 ‐ Scientific Opinion of the Panel on Dietetic Products, Nutrition and Allergies",2 October 2008,14-11-2008,10.2903/j.efsa.2008.822,,NDA,,,,,,,,,,,,,,,,97/618/EC : 2.1,,,,,,,,,,,,,
,, 2′‐fucosyllactose (2′‐FL) , Chr.Hansen A/S ,EFSA-Q-2021-00643,,NF: Extension of use,Safety of the extension of use of 2′‐fucosyllactose (2′‐FL) as a novel food pursuant to Regulation (EU) 2015/2283,26 September 2023,09-11-2023,10.2903/j.efsa.2023.8334,,NDA,"Paolo COLOMBO, Estefania NORIEGA, Estefania FERNANDEZ",,,,,,,,,,,,,,,"2015/2283 : microorganisms, 2015/2283 : molecular structure",,,,,,,,,,,,,
,, ‘Cetyl Myristoleate Complex’ as an ingredient in food supplements,,EFSA-Q-2014-00166,,NF: New dossier?,Statement on the safety of ‘Cetyl Myristoleate Complex’ as an ingredient in food supplements,25 June 2014,15-07-2014,10.2903/j.efsa.2014.3758,,NDA,,,,,,,,,,,,,,,,,,,,,,,,,,,,,
,, dried aerial parts of Hoodia parviflora ," Desert Labs, Ltd of Israel ",EFSA-Q-2016-00091,,NF: New dossier?,Safety of dried aerial parts of Hoodia parviflora as a novel food pursuant to Regulation (EC) No 258/97,20 September 2017,19-10-2017,10.2903/j.efsa.2017.5002,,NDA,Reinhard ACKERL,,,,,,,,,,,,,,,97/618/EC : 2.2,,,,,,,,,,,,,
,, Eurycoma longifolia (Tongkat Ali) root extract , Biotropics Malaysia Berhad ,EFSA-Q-2018-00106,,NF: New dossier?,Safety of Eurycoma longifolia (Tongkat Ali) root extract as a novel food pursuant to Regulation (EU) 2015/2283,27 October 2021,22-12-2021,10.2903/j.efsa.2021.6937,,NDA,Leonard MATIJEVIC,,,,,,,,,,,,,,,,,,,,,,,,,,,,
,, 2′‐fucosyllactose (2’‐FL) produced by derivative strain (APC199) of Corynebacterium glutamicum ATCC 13032 , Advanced Protein Technologies Corporation ,EFSA-Q-2020-00500,,NF: New dossier?,Safety of 2′‐fucosyllactose (2’‐FL) produced by a derivative strain (APC199) of Corynebacterium glutamicum ATCC 13032 as a novel food pursuant to Regulation (EU) 2015/2283,26 October 2022,14-12-2022,10.2903/j.efsa.2022.7647,,NDA,"Paolo COLOMBO, Estefania NORIEGA, Estefania FERNANDEZ",,,,,,,,,,,,,,,"2015/2283 : microorganisms, 2015/2283 : molecular structure",,,,,,,,,,,,,
,, 2′‐O‐fucosyllactose , Glycom A/S ,EFSA-Q-2015-00052,,NF: New dossier?,Safety of 2′‐O‐fucosyllactose as a novel food ingredient pursuant to Regulation (EC) No 258/97,29 June 2015,20-07-2015,10.2903/j.efsa.2015.4184,,NDA,,,,,,,,,,,,,,,,97/618/EC : 1.2,,,,,,,,,,,,,
,, oil from Schizochytrium sp. (strain ATCC 20889) for use in infant and follow‐on formula , Bioplus Life Sciences ,EFSA-Q-2019-00548,,NF: New dossier?,Safety of oil from Schizochytrium sp. (strain ATCC 20889) for use in infant and follow‐on formula as a novel food pursuant to Regulation (EU) 2015/2283,16 December 2021,31-01-2022,10.2903/j.efsa.2022.7083,,NDA,Emanuela TURLA,,,,,,,,,,,,,,,2015/2283 : microorganisms,,,,,,,,,,,,,
,, Yarrowia lipolytica yeast biomass , Skotan S.A. ,EFSA-Q-2020-00655,,NF: Extension of use,Safety of an extension of use of Yarrowia lipolytica yeast biomass as a novel food pursuant to Regulation (EU) 2015/2283,1 July 2022,28-07-2022,10.2903/j.efsa.2022.7450,,NDA,Reinhard ACKERL,,,,,,,,,,,,,,,,,,,,,,,,,,,,
,, alginate‐konjac‐xanthan polysaccharide complex (PGX) , InovoBiologic Inc. ,EFSA-Q-2015-00469,,NF: New dossier?,Safety of alginate‐konjac‐xanthan polysaccharide complex (PGX) as a novel food pursuant to Regulation (EC) No 258/97,4 April 2017,08-05-2017,10.2903/j.efsa.2017.4776,,NDA,Emanuela TURLA,,,,,,,,,,,,,,,97/618/EC : 2.1,,,,,,,,,,,,,
,, dried cherry pulp from Coffea arabica L. and Coffea canephora Pierre ex A. Froehner ,,EFSA-Q-2021-00194,,Traditional food,Technical Report on the notification of dried cherry pulp from Coffea arabica L. and Coffea canephora Pierre ex A. Froehner as a traditional food from a third country pursuant to Article 14 of Regulation (EU) 2015/2283,,02-09-2021,10.2903/sp.efsa.2021.EN-6808,,EFSA,"Wolfgang GELBMANN, Eirini KOULOURA, Emanuela TURLA",,,,,,,,,,,,,,,,,,,,,,,,,,,,
,," chia seeds (Salvia hispanica L.) powders, ",,"EFSA-Q-2018-00373,EFSA-Q-2018-00685",,NF: New dossier?,"Safety of chia seeds (Salvia hispanica L.) powders, as novel foods, pursuant to Regulation (EU) 2015/2283",15 May 2019,12-06-2019,10.2903/j.efsa.2019.5716,,NDA,Leonard MATIJEVIC,,,,,,,,,,,,,,,,,,,,,,,,,,,,
,,novel chewing gum base (Rev‐7®), Revolymer Ltd. ,EFSA-Q-2010-00953,,NF: New dossier?,Scientific Opinion on the safety of a “novel chewing gum base (Rev‐7®)” as a Novel Food ingredient,25 March 2011,11-04-2011,10.2903/j.efsa.2011.2127,,NDA,,,,,,,,,,,,,,,,97/618/EC : 1.2,,,,,,,,,,,,,
,, 2’‐fucosyllactose (2’‐FL), Glycom A/S ,EFSA-Q-2021-00088,NF 2019/1350,NF: Extension of use,Safety of the extension of use of 2’‐fucosyllactose (2’‐FL) and lacto‐N‐neotetraose (LNnT) as novel foods in food supplements for infants pursuant to Regulation (EU) 2015/2283,23 March 2022,04-05-2022,10.2903/j.efsa.2022.7257,,NDA,"Paolo COLOMBO, Estefania NORIEGA, Estefania FERNANDEZ",,,,,,,,,,,,,,,"2015/2283 : microorganisms, 2015/2283 : molecular structure",,,,,,,,,,,,,
,, lacto‐N‐neotetraose (LNnT) , Glycom A/S ,EFSA-Q-2021-00089,NF 2019/1359,NF: Extension of use,Safety of the extension of use of 2’‐fucosyllactose (2’‐FL) and lacto‐N‐neotetraose (LNnT) as novel foods in food supplements for infants pursuant to Regulation (EU) 2015/2283,23 March 2022,04-05-2022,10.2903/j.efsa.2022.7257,,NDA,"Paolo COLOMBO, Estefania NORIEGA, Estefania FERNANDEZ",,,,,,,,,,,,,,,"2015/2283 : microorganisms, 2015/2283 : molecular structure",,,,,,,,,,,,,
,, Chitin‐glucan,,EFSA-Q-2009-00762,,NF: New dossier?,Scientific Opinion on the safety of ‘Chitin‐glucan’ as a Novel Food ingredient,9 July 2010,30-07-2010,10.2903/j.efsa.2010.1687,,NDA,,,,,,,,,,,,,,,,97/618/EC : 2.1,,,,,,,,,,,,,
,,yeast beta‐glucans, Biothera Inc. ,EFSA-Q-2010-00952,,NF: New dossier?,Scientific Opinion on the safety of ‘yeast beta‐glucans’ as a Novel Food ingredient,8 April 2011,10-05-2011,10.2903/j.efsa.2011.2137,,NDA,,,,,,,,,,,,,,,,97/618/EC : 2.1,,,,,,,,,,,,,
,, dried fruits of Synsepalum dulcificum , Ba € ıa Food Co. (Medicinal Gardens S.L.) ,EFSA-Q-2018-01032,,NF: New dossier?,Safety of dried fruits of Synsepalum dulcificum as a novel food pursuant to Regulation (EU) 2015/2283,27 April 2021,11-06-2021,10.2903/j.efsa.2021.6600,,NDA,Leonard MATIJEVIC,,,,,,,,,,,,,,,2015/2283 : plants or their parts,,,,,,,,,,,,,
,, lacto‐N‐fucopentaose I/2’‐fucosyllactose (LNFP‐I/2’‐FL) mixture , Glycom A/S ,EFSA-Q-2021-00170,,NF: New dossier?,Safety of lacto‐N‐fucopentaose I/2’‐fucosyllactose (LNFP‐I/2’‐FL) mixture as a novel food pursuant to Regulation (EU) 2015/2283,26 October 2023,01-12-2023,10.2903/j.efsa.2023.8412,,NDA,"Paolo COLOMBO, Estefania NORIEGA, Estefania FERNANDEZ",,,,,,,,,,,,,,,"2015/2283 : microorganisms, 2015/2283 : molecular structure",,,,,,,,,,,,,
,, fermented black bean extract (Touchi extract), CBC Co. Ltd. ,EFSA-Q-2009-00765,,NF: New dossier?,Scientific Opinion on the safety of a ‘fermented black bean extract (Touchi extract)’ as a Novel Food ingredient,8 April 2011,10-05-2011,10.2903/j.efsa.2011.2136,,NDA,,,,,,,,,,,,,,,,97/618/EC : 2.1,,,,,,,,,,,,,
,, ‘phosphated distarch phosphate’ , National Starch Food Innovation ,EFSA-Q-2010-00127,,NF: New dossier?,Scientific Opinion on the safety of ‘phosphated distarch phosphate’ as a Novel Food ingredient,10 September 2010,30-09-2010,10.2903/j.efsa.2010.1772,,NDA,,,,,,,,,,,,,,,,97/618/EC : 2.1,,,,,,,,,,,,,
,, Whey basic protein isolates , S.A.S. ,EFSA-Q-2018-00104,,NF: New dossier?,Safety of Whey basic protein isolates as a novel food pursuant to Regulation (EU) 2015/2283,27 June 2018,27-07-2018,10.2903/j.efsa.2018.5360,,NDA,,,,,,,,,,,,,,,,,,,,,,,,,,,,,
,, 3‐fucosyllactose (3‐FL) produced by derivative strain of Escherichia coli K‐12 DH1 , Glycom A/S ,EFSA-Q-2021-00354,,NF: New dossier?,Safety of 3‐fucosyllactose (3‐FL) produced by a derivative strain of Escherichia coli K‐12 DH1 as a novel food pursuant to Regulation (EU) 2015/2283,27 April 2023,08-06-2023,10.2903/j.efsa.2023.8026,,NDA,"Paolo COLOMBO, Estefania NORIEGA, Estefania FERNANDEZ",,,,,,,,,,,,,,,"2015/2283 : microorganisms, 2015/2283 : molecular structure",,,,,,,,,,,,,
,, 6′‐sialyllactose (6′‐SL) sodium salt produced by derivative strain (Escherichia coli NEO6) of E. coli W (ATCC 9637) ,,EFSA-Q-2021-00447,,NF: New dossier?,Safety of 6′‐sialyllactose (6′‐SL) sodium salt produced by a derivative strain (Escherichia coli NEO6) of E. coli W (ATCC 9637) as a Novel Food pursuant to Regulation (EU) 2015/2283,27 April 2023,12-06-2023,10.2903/j.efsa.2023.8025,,NDA,"Paolo COLOMBO, Estefania NORIEGA, Estefania FERNANDEZ",,,,,,,,,,,,,,,"2015/2283 : microorganisms, 2015/2283 : molecular structure",,,,,,,,,,,,,
,, vitamin D‐enriched UV‐treated baker's yeast, Lallemand SAS ,EFSA-Q-2013-00335,,NF: New dossier?,Scientific Opinion on the safety of vitamin D‐enriched UV‐treated baker's yeast,12 December 2013,13-01-2014,10.2903/j.efsa.2014.3520,,NDA,,,,,,,,,,,,,,,,97/618/EC : 2.1,,,,,,,,,,,,,
,, frozen and dried formulations from whole house crickets (Acheta domesticus) , Fair Insects BV (A Protix Company) ,EFSA-Q-2019-00121,,NF: New dossier?,Safety of frozen and dried formulations from whole house crickets (Acheta domesticus) as a Novel food pursuant to Regulation (EU) 2015/2283,7 July 2021,17-08-2021,10.2903/j.efsa.2021.6779,,NDA,Tilemachos GOUMPERIS,,,,,,,,,,,,,,,2015/2283 : animals or their parts,,,,,,,,,,,,,
,, bovine lactoferrin, FrieslandCampina (formerly DMV International) ,EFSA-Q-2010-01269,,NF: New dossier?,Scientific Opinion on bovine lactoferrin,27 April 2012,24-05-2012,10.2903/j.efsa.2012.2701,,NDA,,,,,,,,,,,,,,,,97/618/EC : 2.1,,,,,,,,,,,,,
,, dried coffee husk (cascara) from Coffea arabica L. , Panama Varietals GmbH 1 ,EFSA-Q-2020-00229,,NF: New dossier?,Safety of dried coffee husk (cascara) from Coffea arabica L. as a Novel food pursuant to Regulation (EU) 2015/2283,16 December 2021,25-02-2022,10.2903/j.efsa.2022.7085,,NDA,Ermolaos VERVERIS,,,,,,,,,,,,,,,2015/2283 : plants or their parts,,,,,,,,,,,,,
,, oil from Schizochytrium limacinum (strain TKD‐1) for use in infant and follow‐on formula ,,EFSA-Q-2020-00850,,NF: New dossier?,Safety of oil from Schizochytrium limacinum (strain TKD‐1) for use in infant and follow‐on formula as a novel food pursuant to Regulation (EU) 2015/2283,26 October 2023,06-12-2023,10.2903/j.efsa.2023.8414,,NDA,Emanuela TURLA,,,,,,,,,,,,,,,2015/2283 : microorganisms,,,,,,,,,,,,,
,, calcium fructoborate ," VDF FutureCeuticals, Inc ",EFSA-Q-2019-00240,,NF: New dossier?,Safety of calcium fructoborate as a novel food pursuant to Regulation (EU) 2015/2283,25 May 2021,05-07-2021,10.2903/j.efsa.2021.6661,,NDA,Annamaria ROSSI,,,,,,,,,,,,,,,2015/2283 : molecular structure,,,,,,,,,,,,,
,, Arracacia xanthorrhiza ," Euroandina de Importaciones S.L (Madrid, Spain) ",EFSA-Q-2011-00918,,NF: New dossier?,Scientific Opinion on the safety of Arracacia xanthorrhiza as a novel food,9 December 2014,09-01-2015,10.2903/j.efsa.2015.3954,,NDA,,,,,,,,,,,,,,,,97/618/EC : 2.2,,,,,,,,,,,,,
,, UV‐treated powder of whole yellow mealworm (Tenebrio molitor larva) ," Nutri'Earth, ",EFSA-Q-2019-00748,,NF: New dossier?,Safety of UV‐treated powder of whole yellow mealworm (Tenebrio molitor larva) as a novel food pursuant to Regulation (EU) 2015/2283,28 March 2023,01-06-2023,10.2903/j.efsa.2023.8009,,NDA,"Panagiota Zakidou, Ermolaos VERVERIS",,,,,,,,,,,,,,,2015/2283 : animals or their parts,,,,,,,,,,,,,
,,Lipid extract from Euphausia superba, Neptune Technologies & Bioresources Inc. ,EFSA-Q-2008-027,,NF: New dossier?,Safety of ‘Lipid extract from Euphausia superba’ as a novel food ingredient Safety of ‘Lipid extract from Euphausia superba’ as a novel food ingredient,22 January 2009,13-02-2009,10.2903/j.efsa.2009.938,,EFSA,,,,,,,,,,,,,,,,97/618/EC : 2.2,,,,,,,,,,,,,
,, 1‐methylnicotinamide chloride (1‐MNA) , Pharmena S.A. ,EFSA-Q-2016-00520,,NF: New dossier?,Safety of 1‐methylnicotinamide chloride (1‐MNA) as a novel food pursuant to Regulation (EC) No 258/97,20 September 2017,26-10-2017,10.2903/j.efsa.2017.5001,,NDA,"Wolfgang GELBMANN, Ermolaos VERVERIS",,,,,,,,,,,,,,,97/618/EC : 1.1,,,,,,,,,,,,,
,,coriander seed oil, Nestec Ltd. ,EFSA-Q-2013-00232,,NF: New dossier?,Scientific Opinion on the safety of “coriander seed oil” as a Novel Food ingredient,10 October 2013,24-10-2013,10.2903/j.efsa.2013.3422,,NDA,,,,,,,,,,,,,,,,97/618/EC : 2.1,,,,,,,,,,,,,
,, Cetylated Fatty Acids , Pharmanutra S.p.A. ,EFSA-Q-2020-00422,,NF: New dossier?,Safety of Cetylated Fatty Acids as a Novel Food pursuant to Regulation (EU) 2015/2283,26 May 2021,21-07-2021,10.2903/j.efsa.2021.6670,,NDA,Wolfgang GELBMANN,,,,,,,,,,,,,,,2015/2283 : molecular structure,,,,,,,,,,,,,
,, fermented soybean extract NSK‐SD® , Japan Bio Science Laboratory (JBSL) ,EFSA-Q-2015-00294,,NF: New dossier?,Safety of fermented soybean extract NSK‐SD® as a novel food pursuant to Regulation (EC) No 258/97,28 June 2016,28-07-2016,10.2903/j.efsa.2016.4541,,NDA,,,,,,,,,,,,,,,,97/618/EC : 2.1,,,,,,,,,,,,,
,, lacto‐N‐neotetraose (LNnT) produced by derivative strains of E. coli BL21 ,,EFSA-Q-2019-00448,,NF: New dossier?,Safety of lacto‐N‐neotetraose (LNnT) produced by derivative strains of E. coli BL21 as a novel food pursuant to Regulation (EU) 2015/2283,22 October 2020,19-11-2020,10.2903/j.efsa.2020.6305,,NDA,Paolo COLOMBO,,,,,,,,,,,,,,,"2015/2283 : microorganisms, 2015/2283 : molecular structure",,,,,,,,,,,,,
,, pea and rice protein fermented by Shiitake (Lentinula edodes) mycelia ," MycoTechnology, Inc., ",EFSA-Q-2020-00040,,NF: New dossier?,Safety of pea and rice protein fermented by Shiitake (Lentinula edodes) mycelia as a Novel food pursuant to Regulation (EU) 2015/2283,28 February 2022,06-04-2022,10.2903/j.efsa.2022.7205,,NDA,Ruth ROLDAN TORRES,,,,,,,,,,,,,,,2015/2283 : microorganisms,,,,,,,,,,,,,
,, 3’‐sialyllactose (3’‐SL) sodium salt produced by derivative strains of Escherichia coli BL21 (DE3) , Chr.Hansen A/S ,EFSA-Q-2020-00625,,NF: New dossier?,Safety of 3’‐sialyllactose (3’‐SL) sodium salt produced by derivative strains of Escherichia coli BL21 (DE3) as a Novel Food pursuant to Regulation (EU) 2015/2283,29 April 2022,25-05-2022,10.2903/j.efsa.2022.7331,,NDA,"Paolo COLOMBO, Estefania NORIEGA, Estefania FERNANDEZ",,,,,,,,,,,,,,,"2015/2283 : microorganisms, 2015/2283 : molecular structure",,,,,,,,,,,,,
,, 3’‐Sialyllactose (3’‐SL) sodium salt ,,EFSA-Q-2019-00204,,NF: New dossier?,Safety of 3’‐Sialyllactose (3’‐SL) sodium salt as a novel food pursuant to Regulation (EU) 2015/2283,25 March 2020,14-05-2020,10.2903/j.efsa.2020.6098,,NDA,,,,,,,,,,,,,,,,,,,,,,,,,,,,,
,, change in specifications of the novel food oleoresin from Haematococcus pluvialis containing astaxanthin pursuant to Regulation (EU) 2015/2283, Astareal AB ,EFSA-Q-2022-00588,,NF: New dossier?,Safety of a change in specifications of the novel food oleoresin from Haematococcus pluvialis containing astaxanthin pursuant to Regulation (EU) 2015/2283,26 September 2023,08-11-2023,10.2903/j.efsa.2023.8338,,NDA,Wolfgang GELBMANN,,,,,,,,,,,,,,,2015/2283 : microorganisms,,,,,,,,,,,,,
,, Lycopene Cold Water Dispersible Products from Blakeslea trispora,,EFSA-Q-2008-697,,NF: New dossier?,"Safety of ‘Lycopene Cold Water Dispersible Products from Blakeslea trispora’ ‐ Scientific Opinion of the Panel on Dietetic Products, Nutrition and Allergies",4 December 2008,19-12-2008,10.2903/j.efsa.2008.893,,NDA,,,,,,,,,,,,,,,,97/618/EC : 2.2,,,,,,,,,,,,,
,, Cetyl Myristoleate Complex,,EFSA-Q-2009-00529,,NF: New dossier?,Scientific Opinion on the safety of ‘Cetyl Myristoleate Complex’ as a food ingredient,9 July 2010,30-07-2010,10.2903/j.efsa.2010.1686,,NDA,,,,,,,,,,,,,,,,97/618/EC : 2.1,,,,,,,,,,,,,
,, Synthetic Lycopene , the BASF AG ,EFSA-Q-2007-119,,NF: New dossier?,"Safety of Synthetic Lycopene ‐ Scientific Opinion of the Panel on Scientific Panel on Dietetic Products, Nutrition and Allergies",10 April 2008,30-04-2008,10.2903/j.efsa.2008.676,,NDA,,,,,,,,,,,,,,,,97/618/EC : 6,,,,,,,,,,,,,
,, roasted and popped kernels from the seeds of Euryale ferox Salisb. ,,EFSA-Q-2022-00237,,Traditional food,Technical Report on the notification of roasted and popped kernels from the seeds of Euryale ferox Salisb. as a traditional food from a third country pursuant to Article 14 of Regulation (EU) 2015/2283,,05-09-2022,10.2903/sp.efsa.2022.EN-7538,,EFSA,"Wolfgang GELBMANN, Eirini KOULOURA, Emanuela TURLA",,,,,,,,,,,,,,,,,,,,,,,,,,,,
,, galacto‐oligosaccharides , Dairy Crest Ltd trading as Saputo Dairy UK ,EFSA-Q-2020-00466,,NF: Extension of use,Safety of the extension of use of galacto‐oligosaccharides as a Novel food pursuant to Regulation (EU) 2015/2283,14 September 2021,27-10-2021,10.2903/j.efsa.2021.6844,,NDA,Paolo COLOMBO,,,,,,,,,,,,,,,2015/2283 : microorganisms,,,,,,,,,,,,,
,, synthetic l‐ergothioneine ,,EFSA-Q-2017-00448,,NF: New dossier?,"Statement on the safety of synthetic l‐ergothioneine as a novel food – supplementary dietary exposure and safety assessment for infants and young children, pregnant and breastfeeding women",25 October 2017,13-11-2017,10.2903/j.efsa.2017.5060,,NDA,Reinhard ACKERL,,,,,,,,,,,,,,,,,,,,,,,,,,,,
,,lacto‐N‐tetraose (LNT) , Glycom A/S ,EFSA-Q-2021-00090,NF 2019/1456,NF: Extension of use,Safety of the extension of use of 2’‐fucosyllactose/difucosyllactose (2’‐FL/DFL) mixture and lacto‐N‐tetraose (LNT) as novel foods in food supplements for infants pursuant to Regulation (EU) 2015/2283,26 January 2022,03-03-2022,10.2903/j.efsa.2022.7140,,NDA,"Paolo COLOMBO, Estefania NORIEGA, Estefania FERNANDEZ",,,,,,,,,,,,,,,"2015/2283 : microorganisms, 2015/2283 : molecular structure",,,,,,,,,,,,,
,,2’‐fucosyllactose/difucosyllactose (2’‐FL/DFL) mixture, Glycom A/S ,EFSA-Q-2021-00091,NF 2019/1457,NF: Extension of use,Safety of the extension of use of 2’‐fucosyllactose/difucosyllactose (2’‐FL/DFL) mixture and lacto‐N‐tetraose (LNT) as novel foods in food supplements for infants pursuant to Regulation (EU) 2015/2283,26 January 2022,03-03-2022,10.2903/j.efsa.2022.7140,,NDA,"Paolo COLOMBO, Estefania NORIEGA, Estefania FERNANDEZ",,,,,,,,,,,,,,,"2015/2283 : microorganisms, 2015/2283 : molecular structure",,,,,,,,,,,,,
,, “Methyl Vinyl Ether‐Maleic Anhydride Copolymer” (chewing gum base ingredient) , Reading Scientific Services Ltd.(United Kingdom) ,EFSA-Q-2012-00653,,NF: New dossier?,Scientific Opinion on the safety of “Methyl Vinyl Ether‐Maleic Anhydride Copolymer” (chewing gum base ingredient) as a Novel Food ingredient,10 October 2013,25-10-2013,10.2903/j.efsa.2013.3423,,NDA,,,,,,,,,,,,,,,,97/618/EC : 1.2,,,,,,,,,,,,,
,, cellobiose , SAVANNA Ingredients GmbH ,EFSA-Q-2020-00465,,NF: New dossier?,Safety of cellobiose as a novel food pursuant to regulation (EU) 2015/2283,28 September 2022,09-11-2022,10.2903/j.efsa.2022.7596,,NDA,Océane ALBERT,,,,,,,,,,,,,,,2015/2283 : molecular structure,,,,,,,,,,,,,
,, β‐hydroxybutyrate salts ,,EFSA-Q-2018-00343,,NF: New dossier?,Safety of β‐hydroxybutyrate salts as a novel food pursuant to Regulation (EU) 2015/2283,1 July 2022,13-10-2022,10.2903/j.efsa.2022.7449,,NDA,"Océane ALBERT, Tilemachos GOUMPERIS",,,,,,,,,,,,,,,2015/2283 : molecular structure,,,,,,,,,,,,,
,,lycopene,,EFSA-Q-2014-00301,,NF: New dossier?,Statement on the post‐marketing monitoring of the use of lycopene,9 December 2014,09-01-2015,10.2903/j.efsa.2015.3955,,NDA,,,,,,,,,,,,,,,,,,,,,,,,,,,,,
,, d‐ribose,,EFSA-Q-2018-00697,,NF: New dossier?,Statement on the safety of d‐ribose,24 October 2018,13-12-2018,10.2903/j.efsa.2018.5485,,NDA,Andrea GERMINI,,,,,,,,,,,,,,,,,,,,,,,,,,,,
,, UV‐treated bread , Viasolde AB ,EFSA-Q-2014-00836,,NF: New dossier?,"Scientific Opinion on the safety of UV‐treated bread as a novel food EFSA Panel on Dietetic Products, Nutrition and Allergies",11 June 2015,01-07-2015,10.2903/j.efsa.2015.4148,,NDA,,,,,,,,,,,,,,,,97/618/EC : 6,,,,,,,,,,,,,
,, water lentil protein concentrate from mixture of Lemna gibba and Lemna minor , ABC Kroos BV ,EFSA-Q-2019-00047,,NF: New dossier?,Safety of water lentil protein concentrate from a mixture of Lemna gibba and Lemna minor as a novel food pursuant to Regulation (EU) 2015/2283,28 February 2023,17-04-2023,10.2903/j.efsa.2023.7903,,NDA,Eirini KOULOURA,,,,,,,,,,,,,,,2015/2283 : plants or their parts,,,,,,,,,,,,,
,, glucosamine hydrochloride from Aspergillus niger , Cargill Inc. ,EFSA-Q-2008-306,,NF: New dossier?,Opinion of the safety of glucosamine hydrochloride from Aspergillus niger as food ingredient,15 May 2009,04-06-2009,10.2903/j.efsa.2009.1099,,EFSA,,,,,,,,,,,,,,,,97/618/EC : 2.1,,,,,,,,,,,,,
,, xylo‐oligosaccharides (XOS) , Longlive Europe Food Division Ltd. ,EFSA-Q-2017-00665,,NF: New dossier?,Safety of xylo‐oligosaccharides (XOS) as a novel food pursuant to Regulation (EU) 2015/2283,27 June 2018,23-07-2018,10.2903/j.efsa.2018.5361,,NDA,Emanuela TURLA,,,,,,,,,,,,,,,,,,,,,,,,,,,,
,, Vitamin D2 mushroom powder (Agaricus bisporus) ," MBio, Monaghan Mushrooms ",EFSA-Q-2019-00550,,NF: New dossier?,Safety of Vitamin D2 mushroom powder (Agaricus bisporus) as a Novel food pursuant to Regulation (EU) 2015/2283,24 February 2021,08-04-2021,10.2903/j.efsa.2021.6516,,NDA,Ruth ROLDAN TORRES,,,,,,,,,,,,,,,2015/2283 : microorganisms,,,,,,,,,,,,,
,, frozen and dried formulations from migratory locust (Locusta migratoria) , Fair Insects BV (A Protix Company) ,EFSA-Q-2019-00115,,NF: New dossier?,Safety of frozen and dried formulations from migratory locust (Locusta migratoria) as a Novel food pursuant to Regulation (EU) 2015/2283,25 May 2021,02-07-2021,10.2903/j.efsa.2021.6667,,NDA,Domenico AZZOLLINI,,,,,,,,,,,,,,,2015/2283 : animals or their parts,,,,,,,,,,,,,
,, hydroxytyrosol , Seprox Biotech ,EFSA-Q-2015-00749,,NF: New dossier?,Safety of hydroxytyrosol as a novel food pursuant to Regulation (EC) No 258/97,31 January 2017,10-03-2017,10.2903/j.efsa.2017.4728,,NDA,Emanuela TURLA,,,,,,,,,,,,,,,97/618/EC : 1.2,,,,,,,,,,,,,
,, shrimp peptide concentrate , Medfiles Ltd (on the behalf of the Marealis AS Company) ,EFSA-Q-2017-00679,,NF: New dossier?,Safety of shrimp peptide concentrate as a novel food pursuant to Regulation (EU) 2015/2283,18 April 2018,16-05-2018,10.2903/j.efsa.2018.5267,,NDA,Leonard MATIJEVIC,,,,,,,,,,,,,,,,,,,,,,,,,,,,
,, cranberry extract powder , Ocean Spray Cranberries Inc. ,EFSA-Q-2016-00325,,NF: New dossier?,Safety of cranberry extract powder as a novel food ingredient pursuant to Regulation (EC) No 258/97,4 April 2017,12-05-2017,10.2903/j.efsa.2017.4777,,NDA,Wolfgang GELBMANN,,,,,,,,,,,,,,,97/618/EC : 2.1,,,,,,,,,,,,,
,, selenium‐enriched biomass of Yarrowia lipolytica ,,EFSA-Q-2018-00796,,NF: New dossier?,Safety of selenium‐enriched biomass of Yarrowia lipolytica as a novel food pursuant to Regulation (EU) 2015/2283,18 December 2019,31-01-2020,10.2903/j.efsa.2020.5992,,NDA,Reinhard ACKERL,,,,,,,,,,,,,,,2015/2283 : microorganisms,,,,,,,,,,,,,
,, Lemna minor and Lemna gibba whole plant material ,,EFSA-Q-2020-00512,,NF: New dossier?,Safety of Lemna minor and Lemna gibba whole plant material as a novel food pursuant to Regulation (EU) 2015/2283,28 September 2022,30-11-2022,10.2903/j.efsa.2022.7598,,NDA,Eirini KOULOURA,,,,,,,,,,,,,,,2015/2283 : plants or their parts,,,,,,,,,,,,,
,, refined Buglossoides oil , Technology Crops International ,EFSA-Q-2014-00444,,NF: New dossier?,Scientific Opinion on the safety of refined Buglossoides oil as a novel food ingredient,5 February 2015,25-02-2015,10.2903/j.efsa.2015.4029,,NDA,,,,,,,,,,,,,,,,97/618/EC : 2.2,,,,,,,,,,,,,
,, roasted seeds from Plukenetia volubilis L. ,,EFSA-Q-2019-00700,,Traditional food,Technical Report on the notification of roasted seeds from Plukenetia volubilis L. as a traditional food from a third country pursuant to Article 14 of Regulation (EU) 2015/2283,,23-03-2020,10.2903/sp.efsa.2020.EN-1817,,EFSA,"Wolfgang GELBMANN, Emanuela TURLA",,,,,,,,,,,,,,,,,,,,,,,,,,,,
,,plant sterol‐containing milk‐based beverages,,EFSA-Q-2003-075,,NF: New dossier?,"Opinion of the Scientific Panel on Dietetic products, nutrition and allergies [NDA] related to a Novel Food application from Forbes Medi‐Tech for approval of plant sterol‐containing milk‐based beverages",25 November 2003,09-03-2004,10.2903/j.efsa.2004.15,,NDA,,,,,,,,,,,,,,,,97/618/EC : 1.1,,,,,,,,,,,,,
,, 6′‐Sialyllactose (6′‐SL) sodium salt , Glycom A/S ,EFSA-Q-2019-00169,,NF: New dossier?,Safety of 6′‐Sialyllactose (6′‐SL) sodium salt as a novel food pursuant to Regulation (EU) 2015/2283,23 March 2020,14-05-2020,10.2903/j.efsa.2020.6097,,NDA,Paolo COLOMBO,,,,,,,,,,,,,,,"2015/2283 : microorganisms, 2015/2283 : molecular structure",,,,,,,,,,,,,
,,Alfalfa protein concentrate, Viridis S.A. ,EFSA-Q-2008-031,,NF: New dossier?,Opinion on the safety of ‘Alfalfa protein concentrate’ as food,13 March 2009,03-04-2009,10.2903/j.efsa.2009.997,,EFSA,,,,,,,,,,,,,,,,97/618/EC : 2.1,,,,,,,,,,,,,
,, leaf powder of Moringa stenopetala ,,EFSA-Q-2019-1692,,Traditional food,Technical Report on the notification of leaf powder of Moringa stenopetala as a traditional food from a third country pursuant to Article 14 of Regulation (EU) 2015/2283,,13-09-2019,10.2903/sp.efsa.2019.EN-1672,,EFSA,"Wolfgang GELBMANN, Emanuela TURLA",,,,,,,,,,,,,,,,,,,,,,,,,,,,
,, egg membrane hydrolysate , Biova LLC ,EFSA-Q-2018-00103,,NF: New dossier?,Safety of egg membrane hydrolysate as a novel food pursuant to Regulation (EU) 2015/2283,27 June 2018,23-07-2018,10.2903/j.efsa.2018.5363,,NDA,Reinhard ACKERL,,,,,,,,,,,,,,,,,,,,,,,,,,,,
,, an aqueous ethanolic extract of Labisia pumila , Orchid Life Sdn Bhd1 ,EFSA-Q-2019-00694,,NF: New dossier?,Safety of an aqueous ethanolic extract of Labisia pumila as a novel food pursuant to Regulation (EU) 2015/2283,28 September 2022,10-11-2022,10.2903/j.efsa.2022.7611,,NDA,"Océane ALBERT, Leonard MATIJEVIC",,,,,,,,,,,,,,,2015/2283 : plants or their parts,,,,,,,,,,,,,
,, vitamin D2 mushroom powder ," Oakshire Naturals, LP ",EFSA-Q-2018-00601,,NF: New dossier?,Safety of vitamin D2 mushroom powder as a novel food pursuant to Regulation (EU) 2015/2283,28 November 2019,21-01-2020,10.2903/j.efsa.2020.5948,,NDA,Ruth ROLDAN TORRES,,,,,,,,,,,,,,,2015/2283 : microorganisms,,,,,,,,,,,,,
,, EstroG‐100™ ,,EFSA-Q-2017-00040,,NF: New dossier?,Statement on the safety of EstroG‐100™ as a novel food pursuant to Regulation (EC) No 258/97,4 April 2017,08-05-2017,10.2903/j.efsa.2017.4778,,NDA,Emanuela TURLA,,,,,,,,,,,,,,,,,,,,,,,,,,,,
,, “conjugated linoleic acid (CLA)‐rich oil” (Clarinol®) ,,EFSA-Q-2008-745,,NF: New dossier?,Scientific Opinion on the safety of “conjugated linoleic acid (CLA)‐rich oil” (Clarinol®) as a Novel Food ingredient,30 April 2010,21-05-2010,10.2903/j.efsa.2010.1601,,NDA,,,,,,,,,,,,,,,,97/618/EC : 2.1,,,,,,,,,,,,,
,, the “conjugated linoleic acid (CLA) rich oils” Clarinol® and Tonalin® TG 80 ,,EFSA-Q-2012-00300,,NF: New dossier?,Statement on the safety of the “conjugated linoleic acid (CLA) rich oils” Clarinol® and Tonalin® TG 80 as Novel Food ingredients,27 April 2012,03-05-2012,10.2903/j.efsa.2012.2700,,NDA,,,,,,,,,,,,,,,,,,,,,,,,,,,,,
,, extended uses of UV‐treated baker's yeast , Lallemand Bio-Ingredients Division ,EFSA-Q-2020-00393,,NF: Extension of use,Safety of extended uses of UV‐treated baker's yeast as a Novel Food pursuant to Regulation (EU) 2015/2283,28 April 2021,30-06-2021,10.2903/j.efsa.2021.6602,,NDA,Wolfgang GELBMANN,,,,,,,,,,,,,,,,,,,,,,,,,,,,
,, phenylcapsaicin ," aXichem AB, ",EFSA-Q-2018-00280,,NF: New dossier?,Safety of phenylcapsaicin as a novel food pursuant to Regulation (EU) 2015/2283,15 May 2019,14-06-2019,10.2903/j.efsa.2019.5718,,NDA,,,,,,,,,,,,,,,,2015/2283 : molecular structure,,,,,,,,,,,,,
,, 3‐fucosyllactose (3‐FL) produced by derivative strain of Escherichia coli BL21 (DE3) , Chr.Hansen A/S ,EFSA-Q-2020-00309,,NF: New dossier?,Safety of 3‐fucosyllactose (3‐FL) produced by a derivative strain of Escherichia coli BL21 (DE3) as a Novel Food pursuant to Regulation (EU) 2015/2283,29 April 2022,25-05-2022,10.2903/j.efsa.2022.7329,,NDA,"Paolo COLOMBO, Estefania NORIEGA, Estefania FERNANDEZ",,,,,,,,,,,,,,,"2015/2283 : microorganisms, 2015/2283 : molecular structure",,,,,,,,,,,,,
,, isomaltulose syrup (dried) ,Evonik Creavis GmbH,EFSA-Q-2018-00609,,NF: New dossier,Safety of isomaltulose syrup (dried) as a novel food pursuant to Regulation (EU) 2015/2283,29 November 2023,22-01-2024,10.2903/j.efsa.2024.8491,,NDA  ,,,,,,,,,,,,,,,,2015/2283 : molecular structure,,,,,,,,,,,,,
,,HelixComplex snail mucus (HSM),HelixPharma Srl,EFSA-Q-2019-00388,,NF: New dossier,Safety of HelixComplex snail mucus (HSM) as a novel food pursuant to Regulation (EU) 2015/2283,29 November 2023,24-01-2024,10.2903/j.efsa.2024.8492,,NDA ,,,,,,,,,,,,,,,,2015/2283 : animals or their parts,,,,,,,,,,,,,
,,calcidiol monohydrate,EirGen Pharma Ltd,EFSA-Q-2023-00604,,NF: Extension of use,Scientific and technical assistance to the evaluation of the safety of calcidiol monohydrate as a novel food,7 December 2023,25-01-2024,10.2903/j.efsa.2024.8520,,NDA ,,,,,,,,,,,,,,,,,,,,,,,,,,,,,
,,dried seeds and flour thereof of Vigna subterranea (L.) Verdc.,WhatIF F&I Pte Ltd,EFSA-Q-2023-00632,,Traditional food,Technical Report on the notification of dried seeds and flour thereof of Vigna subterranea (L.) Verdc. as a traditional food from a third country pursuant to Article 14 of Regulation (EU) 2015/2283,29 January 2024,29-01-2024,10.2903/sp.efsa.2024.EN-8571,,EFSA ,,,,,,,,,,,,,,,,,,,,,,,,,,,,,
,,isomalto-oligosaccharide,BioNeutra North America Inc.,EFSA-Q-2021-00185,,NF: Extension of use,Extension of use of isomalto-oligosaccharide as a novel food pursuant to Regulation (EU) 2015/2283,5 February 2024,05-02-2024,10.2903/j.efsa.2024.8543,,NDA ,,,,,,,,,,,,,,,,2015/2283 : molecular structure,,,,,,,,,,,,,
,,ashitaba sap,Japan Bio Science Laboratory (JBSL)-USA,EFSA-Q-2019-00536,,NF: New dossier,Safety of ashitaba sap as a Novel food pursuant to Regulation (EU) 2015/2283,11 March 2024,11-03-2024,10.2903/j.efsa.2024.8645,,NDA,,,,,,,,,,,,,,,,2015/2283 : plants or their parts,,,,,,,,,,,,,
,,magnesium l-threonate,AIDP Inc.,EFSA-Q-2021-00203,,"NF: New dossier, NF: nutrient source",Safety of magnesium l-threonate as a novel food pursuant to regulation (EU) 2015/2283 and bioavailability of magnesium from this source in the context of Directive 2002/46/EC,30 January 2023,13-03-2024,10.2903/j.efsa.2024.8656,,NDA,,,,,,,,,,,,,,,,2015/2283 : Vitamins,,,,,,,,,,,,,
,,vitamin D2 mushroom powder,Luxidum GmbH,EFSA-Q-2020-00849,NF 2020/2226,NF: New dossier,Safety of vitamin D2 mushroom powder as a Novel food pursuant to Regulation (EU) 2015/2283 (NF 2020/2226),30 April 2024,12-06-2024,10.2903/j.efsa.2024.8817,,NDA,,,,,,,,,,,,,,,,2015/2283 : microorganisms,,,,,,,,,,,,,
